sf/Ped volume - count database.txt,1ST at BUSH/BATTERY/MARKET,extrapolated,8/22/2006 / Tue,08:00-09:00,,,,,,,,,,,,,1375.25,1375.25,1375.25,1375.25,,,,,,
sf/Ped volume - count database.txt,1ST at BUSH/BATTERY/MARKET,extrapolated,8/22/2006 / Tue,12:00-13:00,,,,,,,,,,,,,1449.50,1449.50,1449.50,1449.50,,,,,,
sf/Ped volume - count database.txt,1ST at BUSH/BATTERY/MARKET,extrapolated,8/22/2006 / Tue,17:00-18:00,,,,,,,,,,,,,991.00,991.00,991.00,991.00,,,,,,
sf/Ped volume - count database.txt,1ST at HARRISON,extrapolated,Oct. 2002 / Thur,12:00-13:00,,,,,,,,,,,,,20.50,20.50,20.50,20.50,,,,,37.786068,-122.392937
sf/Ped volume - count database.txt,1ST at HARRISON,extrapolated,Oct. 2002 / Thur,17:00-18:00,,,,,,,,,,,,,16.00,16.00,16.00,16.00,,,,,37.786068,-122.392937
sf/Ped volume - count database.txt,1ST at MARKET,extrapolated,Oct. 2002 / Thur,12:00-13:00,,,,,,,,,,,,,243.75,243.75,243.75,243.75,,,,,37.791017,-122.399149
sf/Ped volume - count database.txt,1ST at MARKET,extrapolated,Oct. 2002 / Thur,17:00-18:00,,,,,,,,,,,,,972.00,972.00,972.00,972.00,,,,,37.791017,-122.399149
sf/Ped volume - count database.txt,2ND at BRANNAN,extrapolated,2/14/2006 / Tues.,08:00-09:00,,,,,,,,,,,,,97.75,97.75,97.75,97.75,,,,,37.781846,-122.392077
sf/Ped volume - count database.txt,2ND at BRANNAN,extrapolated,2/14/2006 / Tues.,17:00-18:00,,,,,,,,,,,,,110.75,110.75,110.75,110.75,,,,,37.781846,-122.392077
sf/Ped volume - count database.txt,2ND at BRYANT,extrapolated,2/14/2006 / Tues.,08:00-09:00,,,,,,,,,,,,,148.00,148.00,148.00,148.00,,,,,37.783078,-122.393618
sf/Ped volume - count database.txt,2ND at BRYANT,extrapolated,2/14/2006 / Tues.,17:00-18:00,,,,,,,,,,,,,165.25,165.25,165.25,165.25,,,,,37.783078,-122.393618
sf/Ped volume - count database.txt,2ND at FOLSOM,extrapolated,2/14/2006 / Tues.,08:00-09:00,,,,,,,,,,,,,413.25,413.25,413.25,413.25,,,,,37.785542,-122.396705
sf/Ped volume - count database.txt,2ND at FOLSOM,extrapolated,2/14/2006 / Tues.,17:00-18:00,,,,,,,,,,,,,412.25,412.25,412.25,412.25,,,,,37.785542,-122.396705
sf/Ped volume - count database.txt,2ND at HARRISON,extrapolated,2/14/2006 / Tues.,08:00-09:00,,,,,,,,,,,,,185.25,185.25,185.25,185.25,,,,,37.784311,-122.395161
sf/Ped volume - count database.txt,2ND at HARRISON,extrapolated,2/14/2006 / Tues.,17:00-18:00,,,,,,,,,,,,,208.00,208.00,208.00,208.00,,,,,37.784311,-122.395161
sf/Ped volume - count database.txt,2ND at HOWARD,extrapolated,2/14/2006 / Tues.,08:00-09:00,,,,,,,,,,,,,517.50,517.50,517.50,517.50,,,,,37.786779,-122.398257
sf/Ped volume - count database.txt,2ND at HOWARD,extrapolated,2/14/2006 / Tues.,17:00-18:00,,,,,,,,,,,,,536.75,536.75,536.75,536.75,,,,,37.786779,-122.398257
sf/Ped volume - count database.txt,2ND at MARKET,extrapolated,2/14/2006 / Tues.,08:00-09:00,,,,,,,,,,,,,834.00,834.00,834.00,834.00,,,,,37.789264,-122.401375
sf/Ped volume - count database.txt,2ND at MARKET,extrapolated,2/14/2006 / Tues.,17:00-18:00,,,,,,,,,,,,,1024.00,1024.00,1024.00,1024.00,,,,,37.789264,-122.401375
sf/Ped volume - count database.txt,2ND at MARKET,extrapolated,8/22/2006 / Tue,08:00-09:00,,,,,,,,,,,,,349.50,349.50,349.50,349.50,,,,,37.789264,-122.401375
sf/Ped volume - count database.txt,2ND at MARKET,extrapolated,8/22/2006 / Tue,12:00-13:00,,,,,,,,,,,,,719.50,719.50,719.50,719.50,,,,,37.789264,-122.401375
sf/Ped volume - count database.txt,2ND at MARKET,extrapolated,8/22/2006 / Tue,17:00-18:00,,,,,,,,,,,,,521.00,521.00,521.00,521.00,,,,,37.789264,-122.401375
sf/Ped volume - count database.txt,2ND at MISSION,extrapolated,2/14/2006 / Tues.,08:00-09:00,,,,,,,,,,,,,754.00,754.00,754.00,754.00,,,,,37.788007,-122.399798
sf/Ped volume - count database.txt,2ND at MISSION,extrapolated,2/14/2006 / Tues.,17:00-18:00,,,,,,,,,,,,,743.00,743.00,743.00,743.00,,,,,37.788007,-122.399798
sf/Ped volume - count database.txt,2ND at TOWNSEND,extrapolated,2/14/2006 / Tues.,08:00-09:00,,,,,,,,,,,,,74.50,74.50,74.50,74.50,,,,,37.780607,-122.390527
sf/Ped volume - count database.txt,2ND at TOWNSEND,extrapolated,2/14/2006 / Tues.,17:00-18:00,,,,,,,,,,,,,93.50,93.50,93.50,93.50,,,,,37.780607,-122.390527
sf/Ped volume - count database.txt,3RD at 16TH,extrapolated,8/2/2001 / Thur,17:00-18:00,,,,,,,,,,,,,11.75,11.75,11.75,11.75,,,,,37.766903,-122.389099
sf/Ped volume - count database.txt,3RD at 16TH,extrapolated,11/2008 - 12/2008  / ,08:00-09:00,,,,,,,,,,,,,7.25,7.25,7.25,7.25,,,,,37.766903,-122.389099
sf/Ped volume - count database.txt,3RD at 16TH,extrapolated,11/2008 - 12/2008  / ,17:00-18:00,,,,,,,,,,,,,11.75,11.75,11.75,11.75,,,,,37.766903,-122.389099
sf/Ped volume - count database.txt,3RD at CARGO,extrapolated,11/2008 - 12/2008  / ,08:00-09:00,,,,,,,,,,,,,1.25,1.25,1.25,1.25,,,,,,
sf/Ped volume - count database.txt,3RD at CARGO,extrapolated,11/2008 - 12/2008  / ,17:00-18:00,,,,,,,,,,,,,1.25,1.25,1.25,1.25,,,,,,
sf/Ped volume - count database.txt,3RD at CESAR CHAVEZ,extrapolated,7/25/2001 / Wed,17:00-18:00,,,,,,,,,,,,,5.75,5.75,5.75,5.75,,,,,37.750263,-122.387585
sf/Ped volume - count database.txt,3RD at CESAR CHAVEZ,extrapolated,11/2008 - 12/2008  / ,08:00-09:00,,,,,,,,,,,,,5.75,5.75,5.75,5.75,,,,,37.750263,-122.387585
sf/Ped volume - count database.txt,3RD at CESAR CHAVEZ,extrapolated,11/2008 - 12/2008  / ,17:00-18:00,,,,,,,,,,,,,10.75,10.75,10.75,10.75,,,,,37.750263,-122.387585
sf/Ped volume - count database.txt,3RD at EVANS,extrapolated,7/26/2001 / Thur,17:00-18:00,,,,,,,,,,,,,27.25,27.25,27.25,27.25,,,,,37.742703,-122.387926
sf/Ped volume - count database.txt,3RD at EVANS,extrapolated, / ,08:00-09:00,,,,,,,,,,,,,28.00,28.00,28.00,28.00,,,,,37.742703,-122.387926
sf/Ped volume - count database.txt,3RD at EVANS,extrapolated, / ,17:00-18:00,,,,,,,,,,,,,26.75,26.75,26.75,26.75,,,,,37.742703,-122.387926
sf/Ped volume - count database.txt,3RD at GEARY/KEARNY/MARKET,extrapolated,8/22/2006 / Tue,08:00-09:00,,,,,,,,,,,,,922.00,922.00,922.00,922.00,,,,,,
sf/Ped volume - count database.txt,3RD at GEARY/KEARNY/MARKET,extrapolated,8/22/2006 / Tue,12:00-13:00,,,,,,,,,,,,,2746.00,2746.00,2746.00,2746.00,,,,,,
sf/Ped volume - count database.txt,3RD at GEARY/KEARNY/MARKET,extrapolated,8/22/2006 / Tue,17:00-18:00,,,,,,,,,,,,,2288.25,2288.25,2288.25,2288.25,,,,,,
sf/Ped volume - count database.txt,3RD at GILMAN,extrapolated,11/2008 - 12/2008  / ,08:00-09:00,,,,,,,,,,,,,43.50,43.50,43.50,43.50,,,,,37.722432,-122.395623
sf/Ped volume - count database.txt,3RD at GILMAN,extrapolated,11/2008 - 12/2008  / ,17:00-18:00,,,,,,,,,,,,,57.00,57.00,57.00,57.00,,,,,37.722432,-122.395623
sf/Ped volume - count database.txt,3RD at HOWARD,extrapolated,1/10/2007 / Wed,12:00-13:00,,,,,,,,,,,,,565.00,565.00,565.00,565.00,,,,,37.785030,-122.400468
sf/Ped volume - count database.txt,3RD at HOWARD,extrapolated,9/8/2009 / Tue,17:00-18:00,,,,,,,,,,,,,346.75,346.75,346.75,346.75,,,,,37.785030,-122.400468
sf/Ped volume - count database.txt,3RD at JAMESTOWN,extrapolated,11/2008 - 12/2008  / ,08:00-09:00,,,,,,,,,,,,,7.75,7.75,7.75,7.75,,,,,37.720231,-122.396617
sf/Ped volume - count database.txt,3RD at JAMESTOWN,extrapolated,11/2008 - 12/2008  / ,17:00-18:00,,,,,,,,,,,,,12.50,12.50,12.50,12.50,,,,,37.720231,-122.396617
sf/Ped volume - count database.txt,3RD at JERROLD,extrapolated,11/2008 - 12/2008  / ,08:00-09:00,,,,,,,,,,,,,6.75,6.75,6.75,6.75,,,,,37.738742,-122.389310
sf/Ped volume - count database.txt,3RD at JERROLD,extrapolated,11/2008 - 12/2008  / ,17:00-18:00,,,,,,,,,,,,,7.00,7.00,7.00,7.00,,,,,37.738742,-122.389310
sf/Ped volume - count database.txt,3RD at MARIPOSA,extrapolated,11/2008 - 12/2008  / ,08:00-09:00,,,,,,,,,,,,,16.50,16.50,16.50,16.50,,,,,37.764322,-122.388851
sf/Ped volume - count database.txt,3RD at MARIPOSA,extrapolated,11/2008 - 12/2008  / ,17:00-18:00,,,,,,,,,,,,,10.75,10.75,10.75,10.75,,,,,37.764322,-122.388851
sf/Ped volume - count database.txt,3RD at MARKET,extrapolated,May 2001 / N/A,12:00-13:00,,,,,,,,,,,,,859.00,859.00,859.00,859.00,,,,,37.787642,-122.403431
sf/Ped volume - count database.txt,3RD at QUESADA,extrapolated,1/16/2007 / Tues.,12:00-13:00,,,,,,,,,,,,,114.00,114.00,114.00,114.00,,,,,37.733223,-122.391244
sf/Ped volume - count database.txt,3RD at SOUTH STREET,extrapolated,4/23/2007 / Mon,12:00-13:00,,,,,,,,,,,,,23.00,23.00,23.00,23.00,,,,,,
sf/Ped volume - count database.txt,4TH at ELLIS/MARKET/STOCKTON,extrapolated,8/23/2006 / Wed,08:00-09:00,,,,,,,,,,,,,702.25,702.25,702.25,702.25,,,,,,
sf/Ped volume - count database.txt,4TH at ELLIS/MARKET/STOCKTON,extrapolated,8/23/2006 / Wed,12:00-13:00,,,,,,,,,,,,,1246.75,1246.75,1246.75,1246.75,,,,,,
sf/Ped volume - count database.txt,4TH at ELLIS/MARKET/STOCKTON,extrapolated,8/23/2006 / Wed,17:00-18:00,,,,,,,,,,,,,1370.00,1370.00,1370.00,1370.00,,,,,,
sf/Ped volume - count database.txt,4TH at HARRISON,extrapolated,"7/02  8/02" / N/A,08:00-09:00,,,,,,,,,,,,,101.25,101.25,101.25,101.25,,,,,37.780791,-122.399616
sf/Ped volume - count database.txt,4TH at KING,extrapolated,1/16/2007 / Tues.,08:00-09:00,,,,,,,,,,,,,544.00,544.00,544.00,544.00,,,,,37.776333,-122.394035
sf/Ped volume - count database.txt,4TH at KING,extrapolated,8/16/2006 / Wed,08:00-09:00,,,,,,,,,,,,,375.50,375.50,375.50,375.50,,,,,37.776333,-122.394035
sf/Ped volume - count database.txt,4TH at KING,extrapolated,8/16/2006 / Wed,12:00-13:00,,,,,,,,,,,,,251.75,251.75,251.75,251.75,,,,,37.776333,-122.394035
sf/Ped volume - count database.txt,4TH at KING,extrapolated,8/16/2006 / Wed,17:00-18:00,,,,,,,,,,,,,394.25,394.25,394.25,394.25,,,,,37.776333,-122.394035
sf/Ped volume - count database.txt,4TH at MARKET,extrapolated,12/22/2006 / Fri,17:00-18:00,,,,,,,,,,,,,1208.50,1208.50,1208.50,1208.50,,,,,37.785744,-122.405831
sf/Ped volume - count database.txt,4TH at MARKET/ELLIS/STOCKTON,extrapolated,9/17/2009 / Thur,17:00-18:00,,,,,,,,,,,,,2641.75,2641.75,2641.75,2641.75,,,,,,
sf/Ped volume - count database.txt,4TH at MARKET/ELLIS/STOCKTON,extrapolated,4/23/2007 / Mon,12:00-13:00,,,,,,,,,,,,,1940.00,1940.00,1940.00,1940.00,,,,,,
sf/Ped volume - count database.txt,4TH at MISSION,extrapolated,12/22/2006 / Fri,17:00-18:00,,,,,,,,,,,,,724.50,724.50,724.50,724.50,,,,,37.784479,-122.404267
sf/Ped volume - count database.txt,5TH at BRANNAN,extrapolated,2/14/2006 / Tues.,08:00-09:00,,,,,,,,,,,,,50.25,50.25,50.25,50.25,,,,,37.776568,-122.398755
sf/Ped volume - count database.txt,5TH at BRANNAN,extrapolated,2/14/2006 / Tues.,17:00-18:00,,,,,,,,,,,,,51.00,51.00,51.00,51.00,,,,,37.776568,-122.398755
sf/Ped volume - count database.txt,5TH at BRYANT,extrapolated,2/14/2006 / Tues.,08:00-09:00,,,,,,,,,,,,,66.50,66.50,66.50,66.50,,,,,37.777799,-122.400298
sf/Ped volume - count database.txt,5TH at BRYANT,extrapolated,2/14/2006 / Tues.,17:00-18:00,,,,,,,,,,,,,73.75,73.75,73.75,73.75,,,,,37.777799,-122.400298
sf/Ped volume - count database.txt,5TH at CLEMENTINA,extrapolated,7/18/2007 / Wed,12:00-13:00,,,,,,,,,,,,,93.00,93.00,93.00,93.00,,,,,37.780699,-122.403921
sf/Ped volume - count database.txt,5TH at CYRIL MAGNIN/MARKET,extrapolated,8/24/2006 / Thur,08:00-09:00,,,,,,,,,,,,,240.50,240.50,240.50,240.50,,,,,,
sf/Ped volume - count database.txt,5TH at CYRIL MAGNIN/MARKET,extrapolated,8/24/2006 / Thur,12:00-13:00,,,,,,,,,,,,,728.00,728.00,728.00,728.00,,,,,,
sf/Ped volume - count database.txt,5TH at CYRIL MAGNIN/MARKET,extrapolated,8/24/2006 / Thur,17:00-18:00,,,,,,,,,,,,,786.50,786.50,786.50,786.50,,,,,,
sf/Ped volume - count database.txt,5TH at FOLSOM,extrapolated,2/14/2006 / Tues.,08:00-09:00,,,,,,,,,,,,,90.25,90.25,90.25,90.25,,,,,37.780265,-122.403387
sf/Ped volume - count database.txt,5TH at FOLSOM,extrapolated,2/14/2006 / Tues.,17:00-18:00,,,,,,,,,,,,,115.00,115.00,115.00,115.00,,,,,37.780265,-122.403387
sf/Ped volume - count database.txt,5TH at HARRISON,extrapolated,2/14/2006 / Tues.,08:00-09:00,,,,,,,,,,,,,65.75,65.75,65.75,65.75,,,,,37.779032,-122.401843
sf/Ped volume - count database.txt,5TH at HARRISON,extrapolated,2/14/2006 / Tues.,17:00-18:00,,,,,,,,,,,,,86.50,86.50,86.50,86.50,,,,,37.779032,-122.401843
sf/Ped volume - count database.txt,5TH at HOWARD,extrapolated,2/14/2006 / Tues.,08:00-09:00,,,,,,,,,,,,,159.25,159.25,159.25,159.25,,,,,37.781500,-122.404933
sf/Ped volume - count database.txt,5TH at HOWARD,extrapolated,2/14/2006 / Tues.,17:00-18:00,,,,,,,,,,,,,247.75,247.75,247.75,247.75,,,,,37.781500,-122.404933
sf/Ped volume - count database.txt,5TH at KING,extrapolated,8/16/2006 / Wed,08:00-09:00,,,,,,,,,,,,,0.75,0.75,0.75,0.75,,,,,37.774578,-122.396261
sf/Ped volume - count database.txt,5TH at KING,extrapolated,8/16/2006 / Wed,12:00-13:00,,,,,,,,,,,,,0.25,0.25,0.25,0.25,,,,,37.774578,-122.396261
sf/Ped volume - count database.txt,5TH at KING,extrapolated,8/16/2006 / Wed,17:00-18:00,,,,,,,,,,,,,1.00,1.00,1.00,1.00,,,,,37.774578,-122.396261
sf/Ped volume - count database.txt,5TH at MARKET,extrapolated,2/14/2006 / Tues.,08:00-09:00,,,,,,,,,,,,,415.50,415.50,415.50,415.50,,,,,37.783991,-122.408067
sf/Ped volume - count database.txt,5TH at MARKET,extrapolated,2/14/2006 / Tues.,17:00-18:00,,,,,,,,,,,,,994.75,994.75,994.75,994.75,,,,,37.783991,-122.408067
sf/Ped volume - count database.txt,5TH at MINNA,extrapolated,7/18/2007 / Wed,12:00-13:00,,,,,,,,,,,,,139.00,139.00,139.00,139.00,,,,,37.782296,-122.405931
sf/Ped volume - count database.txt,5TH at MISSION,extrapolated,2/14/2006 / Tues.,08:00-09:00,,,,,,,,,,,,,339.50,339.50,339.50,339.50,,,,,37.782732,-122.406479
sf/Ped volume - count database.txt,5TH at MISSION,extrapolated,2/14/2006 / Tues.,17:00-18:00,,,,,,,,,,,,,469.00,469.00,469.00,469.00,,,,,37.782732,-122.406479
sf/Ped volume - count database.txt,5TH at TOWNSEND,extrapolated,2/14/2006 / Tues.,08:00-09:00,,,,,,,,,,,,,48.75,48.75,48.75,48.75,,,,,37.775332,-122.397206
sf/Ped volume - count database.txt,5TH at TOWNSEND,extrapolated,2/14/2006 / Tues.,17:00-18:00,,,,,,,,,,,,,60.75,60.75,60.75,60.75,,,,,37.775332,-122.397206
sf/Ped volume - count database.txt,6TH at CLEMENT,extrapolated,6/10/2007 / Sun,12:00-13:00,,,,,,,,,,,,,362.00,362.00,362.00,362.00,,,,,37.782940,-122.464425
sf/Ped volume - count database.txt,6TH at GEARY,extrapolated,3/10/2005 / Thurs,12:00-13:00,,,,,,,,,,,,,191.25,191.25,191.25,191.25,,,,,37.781019,-122.464279
sf/Ped volume - count database.txt,6TH at GEARY,extrapolated,3/10/2005 / Thurs,17:00-18:00,,,,,,,,,,,,,196.50,196.50,196.50,196.50,,,,,37.781019,-122.464279
sf/Ped volume - count database.txt,6TH at GEARY,extrapolated,"7/02  8/02" / N/A,08:00-09:00,,,,,,,,,,,,,177.00,177.00,177.00,177.00,,,,,37.781019,-122.464279
sf/Ped volume - count database.txt,6TH at GOLDEN GATE/MARKET/TAYLOR,extrapolated,8/30/2006 / Wed,08:00-09:00,,,,,,,,,,,,,270.25,270.25,270.25,270.25,,,,,,
sf/Ped volume - count database.txt,6TH at GOLDEN GATE/MARKET/TAYLOR,extrapolated,8/30/2006 / Wed,12:00-13:00,,,,,,,,,,,,,548.25,548.25,548.25,548.25,,,,,,
sf/Ped volume - count database.txt,6TH at GOLDEN GATE/MARKET/TAYLOR,extrapolated,8/30/2006 / Wed,17:00-18:00,,,,,,,,,,,,,433.00,433.00,433.00,433.00,,,,,,
sf/Ped volume - count database.txt,6TH at HARRISON,extrapolated,May 2001 / N/A,12:00-13:00,,,,,,,,,,,,,57.50,57.50,57.50,57.50,,,,,37.777273,-122.404070
sf/Ped volume - count database.txt,6TH at HOWARD,extrapolated,9/25/2001 / Thur,12:00-13:00,,,,,,,,,,,,,96.00,96.00,96.00,96.00,,,,,37.779739,-122.407159
sf/Ped volume - count database.txt,6TH at JESSIE,extrapolated,1/3/2007 / Wed,12:00-13:00,,,,,,,,,,,,,68.00,68.00,68.00,68.00,,,,,37.781398,-122.409245
sf/Ped volume - count database.txt,6TH at MARKET,extrapolated,9/16/2009 / Wed,17:00-18:00,,,,,,,,,,,,,779.50,779.50,779.50,779.50,,,,,37.782231,-122.410292
sf/Ped volume - count database.txt,6TH at MARKET/GOLDEN GATE/TAYLOR,extrapolated,1/9/2007 / Tues.,17:00-18:00,,,,,,,,,,,,,780.00,780.00,780.00,780.00,,,,,,
sf/Ped volume - count database.txt,6TH at MISSION,extrapolated,1/9/2007 / Tues.,17:00-18:00,,,,,,,,,,,,,326.00,326.00,326.00,326.00,,,,,37.780971,-122.408709
sf/Ped volume - count database.txt,6TH at MISSION,extrapolated,9/16/2009 / Wed,17:00-18:00,,,,,,,,,,,,,289.00,289.00,289.00,289.00,,,,,37.780971,-122.408709
sf/Ped volume - count database.txt,7TH at CLEMENT,extrapolated,4/22/2007 / Sun,12:00-13:00,,,,,,,,,,,,,230.00,230.00,230.00,230.00,,,,,37.782891,-122.465492
sf/Ped volume - count database.txt,7TH at FOLSOM,extrapolated,9/17/2009 / Thur,08:00-09:00,,,,,,,,,,,,,205.00,205.00,205.00,205.00,,,,,37.776746,-122.407842
sf/Ped volume - count database.txt,7TH at HARRISON,extrapolated,12/8/2006 / Fri,12:00-13:00,,,,,,,,,,,,,43.50,43.50,43.50,43.50,,,,,37.775514,-122.406296
sf/Ped volume - count database.txt,7TH at IRVING,extrapolated,1/17/2007 / Wed,12:00-13:00,,,,,,,,,,,,,150.00,150.00,150.00,150.00,,,,,37.764131,-122.464172
sf/Ped volume - count database.txt,7TH at MARKET,extrapolated,1/9/2007 / Tues.,12:00-13:00,,,,,,,,,,,,,593.50,593.50,593.50,593.50,,,,,37.780479,-122.412512
sf/Ped volume - count database.txt,7TH at MARKET,extrapolated,8/23/2006 / Wed,08:00-09:00,,,,,,,,,,,,,579.00,579.00,579.00,579.00,,,,,37.780479,-122.412512
sf/Ped volume - count database.txt,7TH at MARKET,extrapolated,8/23/2006 / Wed,12:00-13:00,,,,,,,,,,,,,671.00,671.00,671.00,671.00,,,,,37.780479,-122.412512
sf/Ped volume - count database.txt,7TH at MARKET,extrapolated,8/23/2006 / Wed,17:00-18:00,,,,,,,,,,,,,621.75,621.75,621.75,621.75,,,,,37.780479,-122.412512
sf/Ped volume - count database.txt,7TH at MINNA,extrapolated,7/18/2007 / Wed,12:00-13:00,,,,,,,,,,,,,78.00,78.00,78.00,78.00,,,,,37.778785,-122.410401
sf/Ped volume - count database.txt,8TH at FOLSOM,extrapolated,1/10/2007 / Wed,12:00-13:00,,,,,,,,,,,,,59.00,59.00,59.00,59.00,,,,,37.774992,-122.410063
sf/Ped volume - count database.txt,8TH at HOWARD,extrapolated,"7/02  8/02" / N/A,08:00-09:00,,,,,,,,,,,,,135.50,135.50,135.50,135.50,,,,,37.776221,-122.411606
sf/Ped volume - count database.txt,8TH at HYDE/MARKET,extrapolated,8/23/2006 / Wed,08:00-09:00,,,,,,,,,,,,,580.75,580.75,580.75,580.75,,,,,,
sf/Ped volume - count database.txt,8TH at HYDE/MARKET,extrapolated,8/23/2006 / Wed,12:00-13:00,,,,,,,,,,,,,1298.25,1298.25,1298.25,1298.25,,,,,,
sf/Ped volume - count database.txt,8TH at HYDE/MARKET,extrapolated,8/23/2006 / Wed,17:00-18:00,,,,,,,,,,,,,965.25,965.25,965.25,965.25,,,,,,
sf/Ped volume - count database.txt,8TH at MARKET,extrapolated,1/9/2007 / Tues.,12:00-13:00,,,,,,,,,,,,,830.00,830.00,830.00,830.00,,,,,37.778719,-122.414741
sf/Ped volume - count database.txt,8TH at MARKET,extrapolated,9/17/2009 / Thur,17:00-18:00,,,,,,,,,,,,,881.00,881.00,881.00,881.00,,,,,37.778719,-122.414741
sf/Ped volume - count database.txt,8TH at MISSION,extrapolated,7/30/2007 / Mon,12:00-13:00,,,,,,,,,,,,,236.00,236.00,236.00,236.00,,,,,37.777457,-122.413158
sf/Ped volume - count database.txt,9TH at IRVING,extrapolated,9/15/2009 / Tue,08:00-09:00,,,,,,,,,,,,,170.50,170.50,170.50,170.50,,,,,37.764037,-122.466311
sf/Ped volume - count database.txt,9TH at HARRISON,extrapolated,"7/02  8/02" / N/A,08:00-09:00,,,,,,,,,,,,,71.50,71.50,71.50,71.50,,,,,37.772526,-122.410077
sf/Ped volume - count database.txt,9TH at HAYES/LARKIN/MARKET,extrapolated,8/23/2006 / Wed,08:00-09:00,,,,,,,,,,,,,416.50,416.50,416.50,416.50,,,,,,
sf/Ped volume - count database.txt,9TH at HAYES/LARKIN/MARKET,extrapolated,8/23/2006 / Wed,12:00-13:00,,,,,,,,,,,,,626.50,626.50,626.50,626.50,,,,,,
sf/Ped volume - count database.txt,9TH at HAYES/LARKIN/MARKET,extrapolated,8/23/2006 / Wed,17:00-18:00,,,,,,,,,,,,,565.75,565.75,565.75,565.75,,,,,,
sf/Ped volume - count database.txt,9TH at HOWARD,extrapolated,9/27/2001 / Wed,12:00-13:00,,,,,,,,,,,,,129.00,129.00,129.00,129.00,,,,,37.774992,-122.413161
sf/Ped volume - count database.txt,9TH at JUDAH,extrapolated,1/17/2007 / Wed,12:00-13:00,,,,,,,,,,,,,238.00,238.00,238.00,238.00,,,,,37.762175,-122.466181
sf/Ped volume - count database.txt,9TH at MISSION,extrapolated,4/30/2007 / Mon,12:00-13:00,,,,,,,,,,,,,265.00,265.00,265.00,265.00,,,,,37.776231,-122.414711
sf/Ped volume - count database.txt,2ND at KING,extrapolated,8/15/2006 / Tue,08:00-09:00,,,,,,,,,,,,,66.75,66.75,66.75,66.75,,,,,37.779861,-122.389591
sf/Ped volume - count database.txt,2ND at KING,extrapolated,8/15/2006 / Tue,12:00-13:00,,,,,,,,,,,,,95.00,95.00,95.00,95.00,,,,,37.779861,-122.389591
sf/Ped volume - count database.txt,2ND at KING,extrapolated,8/15/2006 / Tue,17:00-18:00,,,,,,,,,,,,,77.00,77.00,77.00,77.00,,,,,37.779861,-122.389591
sf/Ped volume - count database.txt,5TH at GEARY,extrapolated,3/10/2005 / Thur,12:00-13:00,,,,,,,,,,,,,114.25,114.25,114.25,114.25,,,,,37.781070,-122.463211
sf/Ped volume - count database.txt,5TH at GEARY,extrapolated,3/10/2005 / Thur,17:00-18:00,,,,,,,,,,,,,127.00,127.00,127.00,127.00,,,,,37.781070,-122.463211
sf/Ped volume - count database.txt,6TH at GEARY,extrapolated,3/10/2005 / Thur,12:00-13:00,,,,,,,,,,,,,191.25,191.25,191.25,191.25,,,,,37.781019,-122.464279
sf/Ped volume - count database.txt,6TH at GEARY,extrapolated,3/10/2005 / Thur,17:00-18:00,,,,,,,,,,,,,196.50,196.50,196.50,196.50,,,,,37.781019,-122.464279
sf/Ped volume - count database.txt,10TH  at FULTON,extrapolated,8/5/2006 / Sat,12:00-13:00,,,,,,,,,,,,,56.25,56.25,56.25,56.25,,,,,,
sf/Ped volume - count database.txt,10TH at FULTON,extrapolated,5/6/2006 / Sat,17:00-18:00,,,,,,,,,,,,,36.75,36.75,36.75,36.75,,,,,37.773304,-122.468024
sf/Ped volume - count database.txt,10TH at FULTON,extrapolated,5/7/2006 / Sun,17:00-18:00,,,,,,,,,,,,,73.00,73.00,73.00,73.00,,,,,37.773304,-122.468024
sf/Ped volume - count database.txt,10TH at FULTON,extrapolated,5/16/2006 / Tues.,17:00-18:00,,,,,,,,,,,,,21.00,21.00,21.00,21.00,,,,,37.773304,-122.468024
sf/Ped volume - count database.txt,10TH at FULTON,extrapolated,8/19/2006 / Sat,12:00-13:00,,,,,,,,,,,,,74.00,74.00,74.00,74.00,,,,,37.773304,-122.468024
sf/Ped volume - count database.txt,10TH at FULTON,extrapolated,8/6/2006 / Sun,12:00-13:00,,,,,,,,,,,,,98.75,98.75,98.75,98.75,,,,,37.773304,-122.468024
sf/Ped volume - count database.txt,10TH at FULTON,extrapolated,8/20/2006 / Sun,12:00-13:00,,,,,,,,,,,,,145.50,145.50,145.50,145.50,,,,,37.773304,-122.468024
sf/Ped volume - count database.txt,10TH at JOHN F. KENNEDY DR.,extrapolated,8/19/2006 / Sat,12:00-13:00,,,,,,,,,,,,,66.75,66.75,66.75,66.75,,,,,,
sf/Ped volume - count database.txt,10TH at FELL/MARKET,extrapolated,9/7/2006 / Thur,08:00-09:00,,,,,,,,,,,,,175.50,175.50,175.50,175.50,,,,,,
sf/Ped volume - count database.txt,10TH at FELL/MARKET,extrapolated,9/7/2006 / Thur,12:00-13:00,,,,,,,,,,,,,122.75,122.75,122.75,122.75,,,,,,
sf/Ped volume - count database.txt,10TH at FELL/MARKET,extrapolated,9/7/2006 / Thur,17:00-18:00,,,,,,,,,,,,,145.25,145.25,145.25,145.25,,,,,,
sf/Ped volume - count database.txt,10TH at HARRISON,extrapolated,7/24/2007 / Tue,12:00-13:00,,,,,,,,,,,,,53.00,53.00,53.00,53.00,,,,,37.771579,-122.411278
sf/Ped volume - count database.txt,10TH at MARKET,extrapolated,7/30/2007 / Mon,12:00-13:00,,,,,,,,,,,,,261.00,261.00,261.00,261.00,,,,,37.776541,-122.417501
sf/Ped volume - count database.txt,11TH at FOLSOM,extrapolated,7/24/2007 / Tue,12:00-13:00,,,,,,,,,,,,,64.00,64.00,64.00,64.00,,,,,37.771864,-122.414027
sf/Ped volume - count database.txt,12TH at FRANKLIN/MARKET,extrapolated,8/30/2006 / Wed,08:00-09:00,,,,,,,,,,,,,119.75,119.75,119.75,119.75,,,,,,
sf/Ped volume - count database.txt,12TH at FRANKLIN/MARKET,extrapolated,8/30/2006 / Wed,12:00-13:00,,,,,,,,,,,,,374.75,374.75,374.75,374.75,,,,,,
sf/Ped volume - count database.txt,12TH at FRANKLIN/MARKET,extrapolated,8/30/2006 / Wed,17:00-18:00,,,,,,,,,,,,,354.25,354.25,354.25,354.25,,,,,,
sf/Ped volume - count database.txt,13TH at MISSION/OTIS/DUBOCE,extrapolated,9/6/2006 / Wed,17:00-18:00,,,,,,,,,,,,,74.50,74.50,74.50,74.50,,,,,,
sf/Ped volume - count database.txt,14TH at CHURCH/MARKET,extrapolated,8/24/2006 / Thur,08:00-09:00,,,,,,,,,,,,,280.75,280.75,280.75,280.75,,,,,,
sf/Ped volume - count database.txt,14TH at CHURCH/MARKET,extrapolated,8/24/2006 / Thur,12:00-13:00,,,,,,,,,,,,,374.50,374.50,374.50,374.50,,,,,,
sf/Ped volume - count database.txt,14TH at CHURCH/MARKET,extrapolated,8/24/2006 / Thur,17:00-18:00,,,,,,,,,,,,,581.50,581.50,581.50,581.50,,,,,,
sf/Ped volume - count database.txt,15TH at MARKET/SANCHEZ,extrapolated,8/30/2006 / Wed,08:00-09:00,,,,,,,,,,,,,136.00,136.00,136.00,136.00,,,,,,
sf/Ped volume - count database.txt,15TH at MARKET/SANCHEZ,extrapolated,8/30/2006 / Wed,12:00-13:00,,,,,,,,,,,,,151.25,151.25,151.25,151.25,,,,,,
sf/Ped volume - count database.txt,15TH at MARKET/SANCHEZ,extrapolated,8/30/2006 / Wed,17:00-18:00,,,,,,,,,,,,,213.75,213.75,213.75,213.75,,,,,,
sf/Ped volume - count database.txt,16TH at GUERRERO,extrapolated,"7/02  8/02" / N/A,08:00-09:00,,,,,,,,,,,,,99.50,99.50,99.50,99.50,,,,,37.764783,-122.424103
sf/Ped volume - count database.txt,16TH at MARKET,extrapolated,4/25/2007 / Wed,12:00-13:00,,,,,,,,,,,,,262.00,262.00,262.00,262.00,,,,,37.764196,-122.433074
sf/Ped volume - count database.txt,16TH at MARKET/NOE,extrapolated,8/30/2006 / Wed,08:00-09:00,,,,,,,,,,,,,109.50,109.50,109.50,109.50,,,,,,
sf/Ped volume - count database.txt,16TH at MARKET/NOE,extrapolated,8/30/2006 / Wed,12:00-13:00,,,,,,,,,,,,,205.50,205.50,205.50,205.50,,,,,,
sf/Ped volume - count database.txt,16TH at MARKET/NOE,extrapolated,8/30/2006 / Wed,17:00-18:00,,,,,,,,,,,,,302.50,302.50,302.50,302.50,,,,,,
sf/Ped volume - count database.txt,16TH at MISSION,extrapolated,"7/02  8/02" / N/A,08:00-09:00,,,,,,,,,,,,,762.75,762.75,762.75,762.75,,,,,37.765051,-122.419669
sf/Ped volume - count database.txt,16TH at MISSION,extrapolated,May 2001 / N/A,12:00-13:00,,,,,,,,,,,,,656.00,656.00,656.00,656.00,,,,,37.765051,-122.419669
sf/Ped volume - count database.txt,16TH at MISSION,extrapolated,9/15/2009 / Tue,08:00-09:00,,,,,,,,,,,,,518.50,518.50,518.50,518.50,,,,,37.765051,-122.419669
sf/Ped volume - count database.txt,16TH at POTRERO,extrapolated,1/16/2007 / Tues.,17:00-18:00,,,,,,,,,,,,,97.00,97.00,97.00,97.00,,,,,37.765783,-122.407534
sf/Ped volume - count database.txt,16TH at SOUTH VAN NESS,extrapolated,"7/02  8/02" / N/A,08:00-09:00,,,,,,,,,,,,,157.50,157.50,157.50,157.50,,,,,,
sf/Ped volume - count database.txt,16TH at VALENCIA,extrapolated,May 2001 / N/A,12:00-13:00,,,,,,,,,,,,,570.25,570.25,570.25,570.25,,,,,37.764917,-122.421886
sf/Ped volume - count database.txt,17TH at GEARY,extrapolated,3/10/2005 / Thur,12:00-13:00,,,,,,,,,,,,,166.25,166.25,166.25,166.25,,,,,37.780476,-122.476169
sf/Ped volume - count database.txt,17TH at GEARY,extrapolated,3/10/2005 / Thur,17:00-18:00,,,,,,,,,,,,,185.00,185.00,185.00,185.00,,,,,37.780476,-122.476169
sf/Ped volume - count database.txt,17TH at CASTRO/MARKET,extrapolated,8/30/2006 / Wed,08:00-09:00,,,,,,,,,,,,,171.50,171.50,171.50,171.50,,,,,,
sf/Ped volume - count database.txt,17TH at CASTRO/MARKET,extrapolated,8/30/2006 / Wed,12:00-13:00,,,,,,,,,,,,,270.25,270.25,270.25,270.25,,,,,,
sf/Ped volume - count database.txt,17TH at CASTRO/MARKET,extrapolated,8/30/2006 / Wed,17:00-18:00,,,,,,,,,,,,,291.25,291.25,291.25,291.25,,,,,,
sf/Ped volume - count database.txt,17TH at MISSION,extrapolated,7/31/2007 / Tue,17:00-18:00,,,,,,,,,,,,,415.00,415.00,415.00,415.00,,,,,37.763429,-122.419513
sf/Ped volume - count database.txt,17TH at VALENCIA,extrapolated,7/31/2007 / Tue,17:00-18:00,,,,,,,,,,,,,221.00,221.00,221.00,221.00,,,,,37.763300,-122.421732
sf/Ped volume - count database.txt,17TH at GEARY,extrapolated,3/10/2005 / Thur,12:00-13:00,,,,,,,,,,,,,166.25,166.25,166.25,166.25,,,,,37.780476,-122.476169
sf/Ped volume - count database.txt,17TH at GEARY,extrapolated,3/10/2005 / Thur,17:00-18:00,,,,,,,,,,,,,185.00,185.00,185.00,185.00,,,,,37.780476,-122.476169
sf/Ped volume - count database.txt,18TH at GEARY,extrapolated,3/10/2005 / Thur,12:00-13:00,,,,,,,,,,,,,146.75,146.75,146.75,146.75,,,,,37.780440,-122.477240
sf/Ped volume - count database.txt,18TH at GEARY,extrapolated,3/10/2005 / Thur,17:00-18:00,,,,,,,,,,,,,152.00,152.00,152.00,152.00,,,,,37.780440,-122.477240
sf/Ped volume - count database.txt,18TH at CASTRO,extrapolated,6/14/2006 / N/A,17:00-18:00,,,,,,,,,,,,,453.50,453.50,453.50,453.50,,,,,37.760889,-122.435001
sf/Ped volume - count database.txt,18TH at CASTRO,extrapolated,9/10/2009 / Thur,17:00-18:00,,,,,,,,,,,,,211.00,211.00,211.00,211.00,,,,,37.760889,-122.435001
sf/Ped volume - count database.txt,18TH at DOLORES,extrapolated,3/18/2007 / Sun,17:00-18:00,,,,,,,,,,,,,489.00,489.00,489.00,489.00,,,,,37.761427,-122.426077
sf/Ped volume - count database.txt,18TH at MISSION,extrapolated,1/16/2007 / Tues.,12:00-13:00,,,,,,,,,,,,,363.00,363.00,363.00,363.00,,,,,37.761836,-122.419359
sf/Ped volume - count database.txt,18TH at MISSION,extrapolated,4/24/2007 / Tues.,12:00-13:00,,,,,,,,,,,,,377.00,377.00,377.00,377.00,,,,,37.761836,-122.419359
sf/Ped volume - count database.txt,18TH at TEXAS,extrapolated,8/3/2010 / Tues.,17:00-18:00,,,,,,,,,,,,,30.00,30.00,30.00,30.00,,,,,37.762638,-122.395561
sf/Ped volume - count database.txt,18TH at GEARY,extrapolated,3/10/2005 / Thur,12:00-13:00,,,,,,,,,,,,,146.75,146.75,146.75,146.75,,,,,37.780440,-122.477240
sf/Ped volume - count database.txt,18TH at GEARY,extrapolated,3/10/2005 / Thur,17:00-18:00,,,,,,,,,,,,,152.00,152.00,152.00,152.00,,,,,37.780440,-122.477240
sf/Ped volume - count database.txt,19TH at EUCALYPTUS DR.,extrapolated,9/9/2003 / Tues.,17:00-18:00,,,,,,,,,,,,,132.75,132.75,132.75,132.75,,,,,,
sf/Ped volume - count database.txt,19TH at HOLLOWAY AV.,extrapolated,9/9/2003 / Tues.,17:00-18:00,,,,,,,,,,,,,526.25,526.25,526.25,526.25,,,,,,
sf/Ped volume - count database.txt,19TH at IRVING,extrapolated,9/9/2003 / Tues.,17:00-18:00,,,,,,,,,,,,,154.50,154.50,154.50,154.50,,,,,37.763559,-122.477174
sf/Ped volume - count database.txt,19TH at JUDAH,extrapolated,9/9/2003 / Tues.,17:00-18:00,,,,,,,,,,,,,115.25,115.25,115.25,115.25,,,,,37.761699,-122.477011
sf/Ped volume - count database.txt,19TH at JUNIPERRO SERRA BLVD,extrapolated,9/9/2003 / Tues.,17:00-18:00,,,,,,,,,,,,,6.50,6.50,6.50,6.50,,,,,,
sf/Ped volume - count database.txt,19TH at LINCOLN WAY,extrapolated,9/9/2003 / Tues.,17:00-18:00,,,,,,,,,,,,,31.00,31.00,31.00,31.00,,,,,37.765448,-122.477308
sf/Ped volume - count database.txt,19TH at NORIEGA,extrapolated,9/9/2003 / Tues.,17:00-18:00,,,,,,,,,,,,,49.75,49.75,49.75,49.75,,,,,37.754242,-122.476424
sf/Ped volume - count database.txt,19TH at QUINTARA,extrapolated,9/9/2003 / Tues.,17:00-18:00,,,,,,,,,,,,,36.00,36.00,36.00,36.00,,,,,37.748648,-122.476033
sf/Ped volume - count database.txt,19TH at SLOAT BLVD.,extrapolated,9/9/2003 / Tues.,17:00-18:00,,,,,,,,,,,,,43.00,43.00,43.00,43.00,,,,,,
sf/Ped volume - count database.txt,19TH at TARAVAL,extrapolated,9/9/2009 / Wed,17:00-18:00,,,,,,,,,,,,,103.00,103.00,103.00,103.00,,,,,37.743052,-122.475644
sf/Ped volume - count database.txt,19TH at TARAVAL,extrapolated,9/9/2003 / Tues.,17:00-18:00,,,,,,,,,,,,,165.75,165.75,165.75,165.75,,,,,37.743052,-122.475644
sf/Ped volume - count database.txt,19TH at VICENTE,extrapolated,9/9/2003 / Tues.,17:00-18:00,,,,,,,,,,,,,20.25,20.25,20.25,20.25,,,,,37.739325,-122.475409
sf/Ped volume - count database.txt,19TH at WINSTON,extrapolated,1/10/2007 / Wed,17:00-18:00,,,,,,,,,,,,,116.00,116.00,116.00,116.00,,,,,37.726991,-122.474900
sf/Ped volume - count database.txt,19TH at MISSION,extrapolated,7/31/2007 / Tue,17:00-18:00,,,,,,,,,,,,,290.00,290.00,290.00,290.00,,,,,37.760235,-122.419206
sf/Ped volume - count database.txt,20TH at SOUTH VAN NESS,extrapolated,7/20/2010 / Tues.,17:00-18:00,,,,,,,,,,,,,72.75,72.75,72.75,72.75,,,,,,
sf/Ped volume - count database.txt,22ND at DIAMOND,extrapolated,10/30/2006 / Mon,12:00-13:00,,,,,,,,,,,,,19.50,19.50,19.50,19.50,,,,,37.754359,-122.436600
sf/Ped volume - count database.txt,24TH at CASTRO,extrapolated,9/15/2009 / Tue,17:00-18:00,,,,,,,,,,,,,170.75,170.75,170.75,170.75,,,,,37.751304,-122.434090
sf/Ped volume - count database.txt,24TH at DOLORES,extrapolated,5/14/2007 / Mon,17:00-18:00,,,,,,,,,,,,,52.00,52.00,52.00,52.00,,,,,37.751842,-122.425153
sf/Ped volume - count database.txt,24TH at FAIR OAKS,extrapolated,9/29/2006 / Fri,08:00-09:00,,,,,,,,,,,,,63.00,63.00,63.00,63.00,,,,,37.751911,-122.423988
sf/Ped volume - count database.txt,24TH at MISSION,extrapolated,4/18/2007 / Wed,17:00-18:00,,,,,,,,,,,,,282.00,282.00,282.00,282.00,,,,,37.752239,-122.418445
sf/Ped volume - count database.txt,24TH at POTRERO,extrapolated,1/19/2007 / Fri,17:00-18:00,,,,,,,,,,,,,112.50,112.50,112.50,112.50,,,,,37.753004,-122.406336
sf/Ped volume - count database.txt,24TH at SANCHEZ,extrapolated,3/18/2007 / Sun,17:00-18:00,,,,,,,,,,,,,265.00,265.00,265.00,265.00,,,,,37.751571,-122.429659
sf/Ped volume - count database.txt,25TH at CLEMENT,extrapolated,7/30/2007 / Mon,17:00-18:00,,,,,,,,,,,,,69.00,69.00,69.00,69.00,,,,,37.782025,-122.484874
sf/Ped volume - count database.txt,25TH at GEARY,extrapolated,7/30/2007 / Mon,17:00-18:00,,,,,,,,,,,,,111.00,111.00,111.00,111.00,,,,,37.780093,-122.484732
sf/Ped volume - count database.txt,25TH at GEARY,extrapolated,9/9/2009 / Wed,08:00-09:00,,,,,,,,,,,,,118.25,118.25,118.25,118.25,,,,,37.780093,-122.484732
sf/Ped volume - count database.txt,25TH at HARRISON,extrapolated,7/22/2010 / Thur,17:00-18:00,,,,,,,,,,,,,66.50,66.50,66.50,66.50,,,,,37.751034,-122.411746
sf/Ped volume - count database.txt,26TH at GUERRERO,extrapolated,May 04 / N/A,08:00-09:00,,,,,,,,,,,,,30.50,30.50,30.50,30.50,,,,,37.748773,-122.422571
sf/Ped volume - count database.txt,26TH at GUERRERO,extrapolated,May 04 / N/A,12:00-13:00,,,,,,,,,,,,,14.75,14.75,14.75,14.75,,,,,37.748773,-122.422571
sf/Ped volume - count database.txt,26TH at GUERRERO,extrapolated,May 04 / N/A,17:00-18:00,,,,,,,,,,,,,20.25,20.25,20.25,20.25,,,,,37.748773,-122.422571
sf/Ped volume - count database.txt,26TH at MISSION,extrapolated,May 04 / N/A,08:00-09:00,,,,,,,,,,,,,132.25,132.25,132.25,132.25,,,,,37.749041,-122.418135
sf/Ped volume - count database.txt,26TH at MISSION,extrapolated,May 04 / N/A,12:00-13:00,,,,,,,,,,,,,144.50,144.50,144.50,144.50,,,,,37.749041,-122.418135
sf/Ped volume - count database.txt,26TH at MISSION,extrapolated,May 04 / N/A,17:00-18:00,,,,,,,,,,,,,173.75,173.75,173.75,173.75,,,,,37.749041,-122.418135
sf/Ped volume - count database.txt,26TH at SOUTH VAN NESS,extrapolated,May 04 / N/A,08:00-09:00,,,,,,,,,,,,,48.00,48.00,48.00,48.00,,,,,,
sf/Ped volume - count database.txt,26TH at SOUTH VAN NESS,extrapolated,May 04 / N/A,12:00-13:00,,,,,,,,,,,,,45.50,45.50,45.50,45.50,,,,,,
sf/Ped volume - count database.txt,26TH at SOUTH VAN NESS,extrapolated,May 04 / N/A,17:00-18:00,,,,,,,,,,,,,76.00,76.00,76.00,76.00,,,,,,
sf/Ped volume - count database.txt,29TH at SAN JOSE,extrapolated,May 04 / N/A,08:00-09:00,,,,,,,,,,,,,20.00,20.00,20.00,20.00,,,,,37.743942,-122.422669
sf/Ped volume - count database.txt,29TH at SAN JOSE,extrapolated,May 04 / N/A,12:00-13:00,,,,,,,,,,,,,27.50,27.50,27.50,27.50,,,,,37.743942,-122.422669
sf/Ped volume - count database.txt,29TH at SAN JOSE,extrapolated,May 04 / N/A,17:00-18:00,,,,,,,,,,,,,45.00,45.00,45.00,45.00,,,,,37.743942,-122.422669
sf/Ped volume - count database.txt,30TH at CABRILLO,extrapolated,8/11/2010 / Wed,17:00-18:00,,,,,,,,,,,,,6.75,6.75,6.75,6.75,,,,,37.774192,-122.489680
sf/Ped volume - count database.txt,30TH at DOLORES,extrapolated,11/1/2001 / Thur,17:00-18:00,,,,,,,,,,,,,8.75,8.75,8.75,8.75,,,,,37.742236,-122.424233
sf/Ped volume - count database.txt,30TH at SAN JOSE,extrapolated,May 04 / N/A,08:00-09:00,,,,,,,,,,,,,23.75,23.75,23.75,23.75,,,,,37.742295,-122.423286
sf/Ped volume - count database.txt,30TH at SAN JOSE,extrapolated,May 04 / N/A,12:00-13:00,,,,,,,,,,,,,30.50,30.50,30.50,30.50,,,,,37.742295,-122.423286
sf/Ped volume - count database.txt,30TH at SAN JOSE,extrapolated,May 04 / N/A,17:00-18:00,,,,,,,,,,,,,28.50,28.50,28.50,28.50,,,,,37.742295,-122.423286
sf/Ped volume - count database.txt,34TH at KIRKHAM,extrapolated,8/17/2010 / Tues.,17:00-18:00,,,,,,,,,,,,,9.50,9.50,9.50,9.50,,,,,37.759123,-122.492937
sf/Ped volume - count database.txt,34TH at ULLOA,extrapolated,9/9/2009 / Wed,08:00-09:00,,,,,,,,,,,,,6.00,6.00,6.00,6.00,,,,,37.740475,-122.491635
sf/Ped volume - count database.txt,3RD at KING,extrapolated,8/15/2006 / Tue,08:00-09:00,,,,,,,,,,,,,76.75,76.75,76.75,76.75,,,,,37.778126,-122.391841
sf/Ped volume - count database.txt,3RD at KING,extrapolated,8/15/2006 / Tue,12:00-13:00,,,,,,,,,,,,,207.50,207.50,207.50,207.50,,,,,37.778126,-122.391841
sf/Ped volume - count database.txt,3RD at KING,extrapolated,8/15/2006 / Tue,17:00-18:00,,,,,,,,,,,,,110.75,110.75,110.75,110.75,,,,,37.778126,-122.391841
sf/Ped volume - count database.txt,3RD at JERROLD,extrapolated,8/26/2010 / Thur,17:00-18:00,,,,,,,,,,,,,17.00,17.00,17.00,17.00,,,,,37.738742,-122.389310
sf/Ped volume - count database.txt,43RD at ANZA,extrapolated,8/17/2010 / Tues.,17:00-18:00,,,,,,,,,,,,,9.00,9.00,9.00,9.00,,,,,37.777287,-122.503881
sf/Ped volume - count database.txt,4TH at BERRY,extrapolated,8/19/2010 / Thur,17:00-18:00,,,,,,,,,,,,,165.50,165.50,165.50,165.50,,,,,37.775787,-122.393355
sf/Ped volume - count database.txt,6TH at LAKE,extrapolated,8/5/2010 / Thur,17:00-18:00,,,,,,,,,,,,,20.25,20.25,20.25,20.25,,,,,37.786670,-122.464693
sf/Ped volume - count database.txt,9TH at LINCOLN WAY,extrapolated,8/5/2006 / Sat,12:00-13:00,,,,,,,,,,,,,319.50,319.50,319.50,319.50,,,,,37.765925,-122.466442
sf/Ped volume - count database.txt,9TH at LINCOLN WAY,extrapolated,8/19/2006 / Sat,12:00-13:00,,,,,,,,,,,,,430.00,430.00,430.00,430.00,,,,,37.765925,-122.466442
sf/Ped volume - count database.txt,9TH at LINCOLN WAY,extrapolated,8/6/2006 / Sun,12:00-13:00,,,,,,,,,,,,,341.75,341.75,341.75,341.75,,,,,37.765925,-122.466442
sf/Ped volume - count database.txt,9TH at LINCOLN WAY,extrapolated,8/20/2006 / Sun,12:00-13:00,,,,,,,,,,,,,459.00,459.00,459.00,459.00,,,,,37.765925,-122.466442
sf/Ped volume - count database.txt,ALABAMA at CESAR CHAVEZ,extrapolated,May 04 / N/A,08:00-09:00,,,,,,,,,,,,,13.50,13.50,13.50,13.50,,,,,37.748317,-122.410546
sf/Ped volume - count database.txt,ALABAMA at CESAR CHAVEZ,extrapolated,May 04 / N/A,12:00-13:00,,,,,,,,,,,,,17.00,17.00,17.00,17.00,,,,,37.748317,-122.410546
sf/Ped volume - count database.txt,ALABAMA at CESAR CHAVEZ,extrapolated,May 04 / N/A,17:00-18:00,,,,,,,,,,,,,19.25,19.25,19.25,19.25,,,,,37.748317,-122.410546
sf/Ped volume - count database.txt,ALEMANY at MOUNT VERNON,extrapolated,8/10/2010 / Tues.,17:00-18:00,,,,,,,,,,,,,14.75,14.75,14.75,14.75,,,,,37.716079,-122.444563
sf/Ped volume - count database.txt,ARGUELLO at GEARY,extrapolated,6/10/2004 / Thur,17:00-18:00,,,,,,,,,,,,,221.25,221.25,221.25,221.25,,,,,37.781257,-122.458859
sf/Ped volume - count database.txt,ARGUELLO at LAKE,extrapolated,8/19/2004 / Thur,17:00-18:00,,,,,,,,,,,,,13.75,13.75,13.75,13.75,,,,,37.786914,-122.459280
sf/Ped volume - count database.txt,ARLETA at BAYSHORE,extrapolated,1/16/2007 / Tues.,17:00-18:00,,,,,,,,,,,,,125.00,125.00,125.00,125.00,,,,,,
sf/Ped volume - count database.txt,ARLETA at BAYSHORE,extrapolated,11/2008 - 12/2008  / ,08:00-09:00,,,,,,,,,,,,,89.75,89.75,89.75,89.75,,,,,,
sf/Ped volume - count database.txt,ARLETA at BAYSHORE,extrapolated,11/2008 - 12/2008  / ,17:00-18:00,,,,,,,,,,,,,131.75,131.75,131.75,131.75,,,,,,
sf/Ped volume - count database.txt,ATHENS at CORDOVA,extrapolated,8/11/2010 / Wed,17:00-18:00,,,,,,,,,,,,,9.00,9.00,9.00,9.00,,,,,37.712261,-122.435843
sf/Ped volume - count database.txt,BAKER at PAGE,extrapolated,8/11/2010 / Wed,17:00-18:00,,,,,,,,,,,,,28.50,28.50,28.50,28.50,,,,,37.771779,-122.440546
sf/Ped volume - count database.txt,BAKER/ST. JOSEPH at GEARY,extrapolated,1/17/2007 / Wed,12:00-13:00,,,,,,,,,,,,,122.00,122.00,122.00,122.00,,,,,,
sf/Ped volume - count database.txt,BAKER/ST. JOSEPH at GEARY,extrapolated,3/10/2005 / Thur,12:00-13:00,,,,,,,,,,,,,102.00,102.00,102.00,102.00,,,,,,
sf/Ped volume - count database.txt,BAKER/ST. JOSEPH at GEARY,extrapolated,3/10/2005 / Thur,17:00-18:00,,,,,,,,,,,,,78.00,78.00,78.00,78.00,,,,,,
sf/Ped volume - count database.txt,BATTERY at BROADWAY,extrapolated,Oct. 2002 / Thur,12:00-13:00,,,,,,,,,,,,,83.50,83.50,83.50,83.50,,,,,37.798580,-122.401051
sf/Ped volume - count database.txt,BATTERY at BROADWAY,extrapolated,Oct. 2002 / Thur,17:00-18:00,,,,,,,,,,,,,91.00,91.00,91.00,91.00,,,,,37.798580,-122.401051
sf/Ped volume - count database.txt,BATTERY at THE EMBARCADERO/LOMBARD,extrapolated,8/23/2006 / Wed,08:00-09:00,,,,,,,,,,,,,48.00,48.00,48.00,48.00,,,,,,
sf/Ped volume - count database.txt,BATTERY at THE EMBARCADERO/LOMBARD,extrapolated,8/23/2006 / Wed,12:00-13:00,,,,,,,,,,,,,98.00,98.00,98.00,98.00,,,,,,
sf/Ped volume - count database.txt,BATTERY at THE EMBARCADERO/LOMBARD,extrapolated,8/23/2006 / Wed,17:00-18:00,,,,,,,,,,,,,82.75,82.75,82.75,82.75,,,,,,
sf/Ped volume - count database.txt,BAY at COLUMBUS,extrapolated,Oct. 2002 / Thur,12:00-13:00,,,,,,,,,,,,,133.00,133.00,133.00,133.00,,,,,37.805170,-122.417226
sf/Ped volume - count database.txt,BAY at COLUMBUS,extrapolated,Oct. 2002 / Thur,17:00-18:00,,,,,,,,,,,,,140.75,140.75,140.75,140.75,,,,,37.805170,-122.417226
sf/Ped volume - count database.txt,BAY at THE EMBARCADERO,extrapolated,Oct. 2002 / Thur,12:00-13:00,,,,,,,,,,,,,68.00,68.00,68.00,68.00,,,,,37.806674,-122.405659
sf/Ped volume - count database.txt,BAY at THE EMBARCADERO,extrapolated,Oct. 2002 / Thur,17:00-18:00,,,,,,,,,,,,,119.00,119.00,119.00,119.00,,,,,37.806674,-122.405659
sf/Ped volume - count database.txt,BAY at THE EMBARCADERO,extrapolated,8/24/2006 / Thur,08:00-09:00,,,,,,,,,,,,,25.00,25.00,25.00,25.00,,,,,37.806674,-122.405659
sf/Ped volume - count database.txt,BAY at THE EMBARCADERO,extrapolated,8/24/2006 / Thur,12:00-13:00,,,,,,,,,,,,,77.25,77.25,77.25,77.25,,,,,37.806674,-122.405659
sf/Ped volume - count database.txt,BAY at THE EMBARCADERO,extrapolated,8/24/2006 / Thur,17:00-18:00,,,,,,,,,,,,,97.00,97.00,97.00,97.00,,,,,37.806674,-122.405659
sf/Ped volume - count database.txt,BAY at KEARNY,extrapolated,Oct. 2002 / Thur,12:00-13:00,,,,,,,,,,,,,62.50,62.50,62.50,62.50,,,,,37.806428,-122.407146
sf/Ped volume - count database.txt,BAY at KEARNY,extrapolated,Oct. 2002 / Thur,17:00-18:00,,,,,,,,,,,,,48.75,48.75,48.75,48.75,,,,,37.806428,-122.407146
sf/Ped volume - count database.txt,BAYSHORE at 101 RAMP,extrapolated,11/2008 - 12/2008  / ,08:00-09:00,,,,,,,,,,,,,3.75,3.75,3.75,3.75,,,,,,
sf/Ped volume - count database.txt,BAYSHORE at 101 RAMP,extrapolated,11/2008 - 12/2008  / ,17:00-18:00,,,,,,,,,,,,,4.25,4.25,4.25,4.25,,,,,,
sf/Ped volume - count database.txt,BAYSHORE at CORTLAND,extrapolated,1/16/2007 / Tues.,08:00-09:00,,,,,,,,,,,,,9.00,9.00,9.00,9.00,,,,,,
sf/Ped volume - count database.txt,BAYSHORE at CORTLAND,extrapolated,9/16/2009 / Wed,08:00-09:00,,,,,,,,,,,,,17.50,17.50,17.50,17.50,,,,,,
sf/Ped volume - count database.txt,BAYSHORE at OAKDALE,extrapolated,7/22/2010 / Thur,17:00-18:00,,,,,,,,,,,,,20.25,20.25,20.25,20.25,,,,,,
sf/Ped volume - count database.txt,BAYSHORE at SILVER,extrapolated,1/16/2007 / Tues.,08:00-09:00,,,,,,,,,,,,,41.00,41.00,41.00,41.00,,,,,,
sf/Ped volume - count database.txt,BEACH at HYDE,extrapolated,9/16/2009 / Wed,17:00-18:00,,,,,,,,,,,,,556.50,556.50,556.50,556.50,,,,,37.806658,-122.420560
sf/Ped volume - count database.txt,BEACH/GRANT at THE EMBARCADERO,extrapolated,Oct. 2002 / Thur,12:00-13:00,,,,,,,,,,,,,266.00,266.00,266.00,266.00,,,,,,
sf/Ped volume - count database.txt,BEACH/GRANT at THE EMBARCADERO,extrapolated,Oct. 2002 / Thur,17:00-18:00,,,,,,,,,,,,,223.75,223.75,223.75,223.75,,,,,,
sf/Ped volume - count database.txt,BEALE at DAVIS/PINE/MARKET,extrapolated,8/16/2006 / Wed,08:00-09:00,,,,,,,,,,,,,921.25,921.25,921.25,921.25,,,,,,
sf/Ped volume - count database.txt,BEALE at DAVIS/PINE/MARKET,extrapolated,8/16/2006 / Wed,12:00-13:00,,,,,,,,,,,,,1353.50,1353.50,1353.50,1353.50,,,,,,
sf/Ped volume - count database.txt,BEALE at DAVIS/PINE/MARKET,extrapolated,8/16/2006 / Wed,17:00-18:00,,,,,,,,,,,,,1238.25,1238.25,1238.25,1238.25,,,,,,
sf/Ped volume - count database.txt,BEVERLY at GARFIELD,extrapolated,8/10/2010 / Tues.,17:00-18:00,,,,,,,,,,,,,13.25,13.25,13.25,13.25,,,,,37.719640,-122.471652
sf/Ped volume - count database.txt,BOSWORTH at DIAMOND,extrapolated,4/22/2007 / Sun,12:00-13:00,,,,,,,,,,,,,147.00,147.00,147.00,147.00,,,,,37.733550,-122.434145
sf/Ped volume - count database.txt,BRANNAN at THE EMBARCADERO,extrapolated,8/15/2006 / Tue,08:00-09:00,,,,,,,,,,,,,37.75,37.75,37.75,37.75,,,,,37.784774,-122.388023
sf/Ped volume - count database.txt,BRANNAN at THE EMBARCADERO,extrapolated,8/15/2006 / Tue,12:00-13:00,,,,,,,,,,,,,48.50,48.50,48.50,48.50,,,,,37.784774,-122.388023
sf/Ped volume - count database.txt,BRANNAN at THE EMBARCADERO,extrapolated,8/15/2006 / Tue,17:00-18:00,,,,,,,,,,,,,48.50,48.50,48.50,48.50,,,,,37.784774,-122.388023
sf/Ped volume - count database.txt,BROADWAY at COLUMBUS,extrapolated,1/17/2007 / Wed,12:00-13:00,,,,,,,,,,,,,255.50,255.50,255.50,255.50,,,,,37.797865,-122.406668
sf/Ped volume - count database.txt,BROADWAY at DAVIS,extrapolated,"1/30/2001  6/19/2001" / N/A,17:00-18:00,,,,,,,,,,,,,82.00,82.00,82.00,82.00,,,,,37.798881,-122.398696
sf/Ped volume - count database.txt,BROADWAY at THE EMBARCADERO,extrapolated,"1/30/2001  6/19/2001" / N/A,17:00-18:00,,,,,,,,,,,,,112.50,112.50,112.50,112.50,,,,,37.799234,-122.397670
sf/Ped volume - count database.txt,BROADWAY at THE EMBARCADERO,extrapolated,Oct. 2002 / Thur,12:00-13:00,,,,,,,,,,,,,84.75,84.75,84.75,84.75,,,,,37.799234,-122.397670
sf/Ped volume - count database.txt,BROADWAY at THE EMBARCADERO,extrapolated,Oct. 2002 / Thur,17:00-18:00,,,,,,,,,,,,,59.75,59.75,59.75,59.75,,,,,37.799234,-122.397670
sf/Ped volume - count database.txt,BROADWAY at SANSOME,extrapolated,Oct. 2002 / Thur,12:00-13:00,,,,,,,,,,,,,103.00,103.00,103.00,103.00,,,,,37.798430,-122.402229
sf/Ped volume - count database.txt,BROADWAY at SANSOME,extrapolated,Oct. 2002 / Thur,17:00-18:00,,,,,,,,,,,,,132.00,132.00,132.00,132.00,,,,,37.798430,-122.402229
sf/Ped volume - count database.txt,BROADWAY at STOCKTON,extrapolated,"7/02  8/02" / N/A,08:00-09:00,,,,,,,,,,,,,576.50,576.50,576.50,576.50,,,,,37.797628,-122.408619
sf/Ped volume - count database.txt,BROADWAY at STOCKTON,extrapolated,May 2001 / N/A,12:00-13:00,,,,,,,,,,,,,1839.50,1839.50,1839.50,1839.50,,,,,37.797628,-122.408619
sf/Ped volume - count database.txt,BRYANT at CESAR CHAVEZ,extrapolated,May 04 / N/A,08:00-09:00,,,,,,,,,,,,,15.75,15.75,15.75,15.75,,,,,37.748353,-122.408706
sf/Ped volume - count database.txt,BRYANT at CESAR CHAVEZ,extrapolated,May 04 / N/A,12:00-13:00,,,,,,,,,,,,,12.00,12.00,12.00,12.00,,,,,37.748353,-122.408706
sf/Ped volume - count database.txt,BRYANT at CESAR CHAVEZ,extrapolated,May 04 / N/A,17:00-18:00,,,,,,,,,,,,,12.50,12.50,12.50,12.50,,,,,37.748353,-122.408706
sf/Ped volume - count database.txt,BRYANT at THE EMBARCADERO,extrapolated,8/16/2006 / Wed,08:00-09:00,,,,,,,,,,,,,29.75,29.75,29.75,29.75,,,,,37.787097,-122.387795
sf/Ped volume - count database.txt,BRYANT at THE EMBARCADERO,extrapolated,8/16/2006 / Wed,12:00-13:00,,,,,,,,,,,,,40.00,40.00,40.00,40.00,,,,,37.787097,-122.387795
sf/Ped volume - count database.txt,BRYANT at THE EMBARCADERO,extrapolated,8/16/2006 / Wed,17:00-18:00,,,,,,,,,,,,,16.00,16.00,16.00,16.00,,,,,37.787097,-122.387795
sf/Ped volume - count database.txt,BUCHANAN at PAGE,extrapolated,7/28/2010 / Wed,17:00-18:00,,,,,,,,,,,,,29.25,29.25,29.25,29.25,,,,,37.773455,-122.427357
sf/Ped volume - count database.txt,BURROWS at HAMILTON,extrapolated,8/10/2010 / Tues.,17:00-18:00,,,,,,,,,,,,,2.50,2.50,2.50,2.50,,,,,37.727284,-122.410022
sf/Ped volume - count database.txt,BUSH at VAN NESS,extrapolated,4/20/2007 / Fri,12:00-13:00,,,,,,,,,,,,,157.00,157.00,157.00,157.00,,,,,37.788490,-122.421949
sf/Ped volume - count database.txt,CALIFORNIA at FILLMORE,extrapolated,7/23/2007 / Mon,12:00-13:00,,,,,,,,,,,,,235.00,235.00,235.00,235.00,,,,,37.788906,-122.433840
sf/Ped volume - count database.txt,CALIFORNIA at GRANT,extrapolated,6/9/2007 / Sat,12:00-13:00,,,,,,,,,,,,,628.00,628.00,628.00,628.00,,,,,37.792451,-122.405938
sf/Ped volume - count database.txt,CALIFORNIA at HYDE,extrapolated,5/20/2007 / Tue,17:00-18:00,,,,,,,,,,,,,141.00,141.00,141.00,141.00,,,,,37.790973,-122.417391
sf/Ped volume - count database.txt,CALIFORNIA at MONTGOMERY,extrapolated,8/11/2010 / Wed,17:00-18:00,,,,,,,,,,,,,844.25,844.25,844.25,844.25,,,,,37.792851,-122.402767
sf/Ped volume - count database.txt,CALIFORNIA at VAN NESS,extrapolated,4/26/2007 / Thur,17:00-18:00,,,,,,,,,,,,,208.00,208.00,208.00,208.00,,,,,37.790370,-122.422329
sf/Ped volume - count database.txt,CALIFORNIA at VAN NESS,extrapolated,4/24/2007 / Tue,17:00-18:00,,,,,,,,,,,,,210.75,210.75,210.75,210.75,,,,,37.790370,-122.422329
sf/Ped volume - count database.txt,CAMBRIDGE at SILVER,extrapolated,1/17/2007 / Wed,12:00-13:00,,,,,,,,,,,,,128.00,128.00,128.00,128.00,,,,,37.729046,-122.419486
sf/Ped volume - count database.txt,CASTENADA at PACHECO,extrapolated,8/24/2010 / Tues.,17:00-18:00,,,,,,,,,,,,,5.75,5.75,5.75,5.75,,,,,37.747777,-122.462333
sf/Ped volume - count database.txt,CASTRO at MARKET,extrapolated,"7/02  8/02" / N/A,08:00-09:00,,,,,,,,,,,,,420.00,420.00,420.00,420.00,,,,,37.762671,-122.435188
sf/Ped volume - count database.txt,CAYUGA at GENEVA,extrapolated,6/1/2006 / "T  R",08:00-09:00,,,,,,,,,,,,,22.00,22.00,22.00,22.00,,,,,37.718929,-122.443696
sf/Ped volume - count database.txt,CAYUGA at GENEVA,extrapolated,6/1/2006 / "T  R",17:00-18:00,,,,,,,,,,,,,19.50,19.50,19.50,19.50,,,,,37.718929,-122.443696
sf/Ped volume - count database.txt,CAYUGA at NAVAJO,extrapolated,1/14/2003 / Tues.,08:00-09:00,,,,,,,,,,,,,63.00,63.00,63.00,63.00,,,,,37.719383,-122.443086
sf/Ped volume - count database.txt,CESAR CHAVEZ at DOLORES,extrapolated,May 04 / N/A,08:00-09:00,,,,,,,,,,,,,8.00,8.00,8.00,8.00,,,,,37.747830,-122.424768
sf/Ped volume - count database.txt,CESAR CHAVEZ at DOLORES,extrapolated,May 04 / N/A,12:00-13:00,,,,,,,,,,,,,6.00,6.00,6.00,6.00,,,,,37.747830,-122.424768
sf/Ped volume - count database.txt,CESAR CHAVEZ at DOLORES,extrapolated,May 04 / N/A,17:00-18:00,,,,,,,,,,,,,10.00,10.00,10.00,10.00,,,,,37.747830,-122.424768
sf/Ped volume - count database.txt,CESAR CHAVEZ at FOLSOM,extrapolated,May 04 / N/A,08:00-09:00,,,,,,,,,,,,,61.25,61.25,61.25,61.25,,,,,37.748255,-122.413669
sf/Ped volume - count database.txt,CESAR CHAVEZ at FOLSOM,extrapolated,May 04 / N/A,12:00-13:00,,,,,,,,,,,,,43.25,43.25,43.25,43.25,,,,,37.748255,-122.413669
sf/Ped volume - count database.txt,CESAR CHAVEZ at FOLSOM,extrapolated,May 04 / N/A,17:00-18:00,,,,,,,,,,,,,31.25,31.25,31.25,31.25,,,,,37.748255,-122.413669
sf/Ped volume - count database.txt,CESAR CHAVEZ at GUERRERO,extrapolated,May 04 / N/A,08:00-09:00,,,,,,,,,,,,,17.75,17.75,17.75,17.75,,,,,37.748013,-122.422487
sf/Ped volume - count database.txt,CESAR CHAVEZ at GUERRERO,extrapolated,May 04 / N/A,12:00-13:00,,,,,,,,,,,,,10.25,10.25,10.25,10.25,,,,,37.748013,-122.422487
sf/Ped volume - count database.txt,CESAR CHAVEZ at GUERRERO,extrapolated,May 04 / N/A,17:00-18:00,,,,,,,,,,,,,17.25,17.25,17.25,17.25,,,,,37.748013,-122.422487
sf/Ped volume - count database.txt,CESAR CHAVEZ at HARRISON,extrapolated,May 04 / N/A,08:00-09:00,,,,,,,,,,,,,52.00,52.00,52.00,52.00,,,,,37.748298,-122.411484
sf/Ped volume - count database.txt,CESAR CHAVEZ at HARRISON,extrapolated,May 04 / N/A,12:00-13:00,,,,,,,,,,,,,18.75,18.75,18.75,18.75,,,,,37.748298,-122.411484
sf/Ped volume - count database.txt,CESAR CHAVEZ at HARRISON,extrapolated,May 04 / N/A,17:00-18:00,,,,,,,,,,,,,23.25,23.25,23.25,23.25,,,,,37.748298,-122.411484
sf/Ped volume - count database.txt,CESAR CHAVEZ at MISSION,extrapolated,1/16/2007 / Tues.,12:00-13:00,,,,,,,,,,,,,47.00,47.00,47.00,47.00,,,,,37.748166,-122.418221
sf/Ped volume - count database.txt,CESAR CHAVEZ at MISSION,extrapolated,May 04 / N/A,08:00-09:00,,,,,,,,,,,,,71.00,71.00,71.00,71.00,,,,,37.748166,-122.418221
sf/Ped volume - count database.txt,CESAR CHAVEZ at MISSION,extrapolated,May 04 / N/A,12:00-13:00,,,,,,,,,,,,,82.75,82.75,82.75,82.75,,,,,37.748166,-122.418221
sf/Ped volume - count database.txt,CESAR CHAVEZ at MISSION,extrapolated,May 04 / N/A,17:00-18:00,,,,,,,,,,,,,76.50,76.50,76.50,76.50,,,,,37.748166,-122.418221
sf/Ped volume - count database.txt,CESAR CHAVEZ at SHOTWELL,extrapolated,May 04 / N/A,08:00-09:00,,,,,,,,,,,,,29.75,29.75,29.75,29.75,,,,,37.748231,-122.414919
sf/Ped volume - count database.txt,CESAR CHAVEZ at SHOTWELL,extrapolated,May 04 / N/A,12:00-13:00,,,,,,,,,,,,,31.25,31.25,31.25,31.25,,,,,37.748231,-122.414919
sf/Ped volume - count database.txt,CESAR CHAVEZ at SHOTWELL,extrapolated,May 04 / N/A,17:00-18:00,,,,,,,,,,,,,31.75,31.75,31.75,31.75,,,,,37.748231,-122.414919
sf/Ped volume - count database.txt,CESAR CHAVEZ at SOUTH VAN NESS,extrapolated,May 04 / N/A,08:00-09:00,,,,,,,,,,,,,14.00,14.00,14.00,14.00,,,,,,
sf/Ped volume - count database.txt,CESAR CHAVEZ at SOUTH VAN NESS,extrapolated,May 04 / N/A,12:00-13:00,,,,,,,,,,,,,45.50,45.50,45.50,45.50,,,,,,
sf/Ped volume - count database.txt,CESAR CHAVEZ at SOUTH VAN NESS,extrapolated,May 04 / N/A,17:00-18:00,,,,,,,,,,,,,12.00,12.00,12.00,12.00,,,,,,
sf/Ped volume - count database.txt,CESAR CHAVEZ at VALENCIA,extrapolated,May 04 / N/A,08:00-09:00,,,,,,,,,,,,,48.25,48.25,48.25,48.25,,,,,37.748125,-122.420279
sf/Ped volume - count database.txt,CESAR CHAVEZ at VALENCIA,extrapolated,May 04 / N/A,12:00-13:00,,,,,,,,,,,,,59.50,59.50,59.50,59.50,,,,,37.748125,-122.420279
sf/Ped volume - count database.txt,CESAR CHAVEZ at VALENCIA,extrapolated,May 04 / N/A,17:00-18:00,,,,,,,,,,,,,46.50,46.50,46.50,46.50,,,,,37.748125,-122.420279
sf/Ped volume - count database.txt,CHESTNUT at THE EMBARCADERO/SANSOME,extrapolated,9/7/2006 / Thur,08:00-09:00,,,,,,,,,,,,,68.00,68.00,68.00,68.00,,,,,,
sf/Ped volume - count database.txt,CHESTNUT at THE EMBARCADERO/SANSOME,extrapolated,9/7/2006 / Thur,12:00-13:00,,,,,,,,,,,,,121.50,121.50,121.50,121.50,,,,,,
sf/Ped volume - count database.txt,CHESTNUT at THE EMBARCADERO/SANSOME,extrapolated,9/7/2006 / Thur,17:00-18:00,,,,,,,,,,,,,113.50,113.50,113.50,113.50,,,,,,
sf/Ped volume - count database.txt,CHESTNUT at FILLMORE,extrapolated,4/26/2007 / Thur,17:00-18:00,,,,,,,,,,,,,251.00,251.00,251.00,251.00,,,,,37.800814,-122.436274
sf/Ped volume - count database.txt,CHESTNUT at STEINER,extrapolated,9/15/2009 / Tue,17:00-18:00,,,,,,,,,,,,,186.25,186.25,186.25,186.25,,,,,37.800609,-122.437889
sf/Ped volume - count database.txt,CHESTNUT/SANSOME at THE EMBARCADERO,extrapolated,Oct. 2002 / Thur,12:00-13:00,,,,,,,,,,,,,70.25,70.25,70.25,70.25,,,,,,
sf/Ped volume - count database.txt,CHESTNUT/SANSOME at THE EMBARCADERO,extrapolated,Oct. 2002 / Thur,17:00-18:00,,,,,,,,,,,,,75.50,75.50,75.50,75.50,,,,,,
sf/Ped volume - count database.txt,CHURCH at MARKET,extrapolated,"7/02  8/02" / N/A,08:00-09:00,,,,,,,,,,,,,335.25,335.25,335.25,335.25,,,,,37.767504,-122.428949
sf/Ped volume - count database.txt,CLAY at JOICE,extrapolated,12/7/2006 / Thur,12:00-13:00,,,,,,,,,,,,,32.00,32.00,32.00,32.00,,,,,37.793956,-122.408720
sf/Ped volume - count database.txt,CLAY at STOCKTON,extrapolated,5/14/2003 / Wed,12:00-13:00,,,,,,,,,,,,,342.00,342.00,342.00,342.00,,,,,37.794060,-122.407903
sf/Ped volume - count database.txt,CLAY at STOCKTON,extrapolated,5/14/2003 / Wed,17:00-18:00,,,,,,,,,,,,,413.00,413.00,413.00,413.00,,,,,37.794060,-122.407903
sf/Ped volume - count database.txt,COLE at GRATTAN,extrapolated,10/25/2006 / Wed,12:00-13:00,,,,,,,,,,,,,37.50,37.50,37.50,37.50,,,,,37.764027,-122.449600
sf/Ped volume - count database.txt,COLUMBUS at MONTGOMERY/WASHINGTON,extrapolated,4/13/2007 / Fri,12:00-13:00,,,,,,,,,,,,,358.00,358.00,358.00,358.00,,,,,,
sf/Ped volume - count database.txt,COLUMBUS at NORTHPOINT,extrapolated,Oct. 2002 / Thur,12:00-13:00,,,,,,,,,,,,,161.50,161.50,161.50,161.50,,,,,,
sf/Ped volume - count database.txt,COLUMBUS at NORTHPOINT,extrapolated,Oct. 2002 / Thur,17:00-18:00,,,,,,,,,,,,,164.75,164.75,164.75,164.75,,,,,,
sf/Ped volume - count database.txt,COLUMBUS at UNION,extrapolated,"7/02  8/02" / N/A,08:00-09:00,,,,,,,,,,,,,0.25,0.25,0.25,0.25,,,,,37.800315,-122.410207
sf/Ped volume - count database.txt,COLUMBUS at UNION,extrapolated,8/18/2010 / Wed,17:00-18:00,,,,,,,,,,,,,458.25,458.25,458.25,458.25,,,,,37.800315,-122.410207
sf/Ped volume - count database.txt,CONSERVATORY DR. WEST at JOHN F. KENNEDY DR.,extrapolated,8/5/2006 / Sat,12:00-13:00,,,,,,,,,,,,,170.00,170.00,170.00,170.00,,,,,,
sf/Ped volume - count database.txt,CONSERVATORY DR. WEST at JOHN F. KENNEDY DR.,extrapolated,8/6/2006 / Sun,12:00-13:00,,,,,,,,,,,,,240.25,240.25,240.25,240.25,,,,,,
sf/Ped volume - count database.txt,CONSERVATORY DR. WEST at JOHN F. KENNEDY DR.,extrapolated,8/20/2006 / Sun,12:00-13:00,,,,,,,,,,,,,160.50,160.50,160.50,160.50,,,,,,
sf/Ped volume - count database.txt,CORTLAND at MOULTRIE,extrapolated,4/24/2007 / Tue,12:00-13:00,,,,,,,,,,,,,59.00,59.00,59.00,59.00,,,,,37.739002,-122.415899
sf/Ped volume - count database.txt,DIVISADERO at GEARY,extrapolated,7/23/2007 / Mon,12:00-13:00,,,,,,,,,,,,,239.00,239.00,239.00,239.00,,,,,37.783308,-122.439480
sf/Ped volume - count database.txt,DIVISADERO at GEARY,extrapolated,9/10/2009 / Thur,08:00-09:00,,,,,,,,,,,,,248.25,248.25,248.25,248.25,,,,,37.783308,-122.439480
sf/Ped volume - count database.txt,DIVISADERO at HAIGHT,extrapolated,7/27/2007 / Fri,17:00-18:00,,,,,,,,,,,,,119.00,119.00,119.00,119.00,,,,,37.771267,-122.437046
sf/Ped volume - count database.txt,DIVISADERO at LOMBARD,extrapolated,1/17/2007 / Wed,12:00-13:00,,,,,,,,,,,,,44.00,44.00,44.00,44.00,,,,,37.799000,-122.442648
sf/Ped volume - count database.txt,DOLORES at MARKET,extrapolated,8/24/2006 / Thur,08:00-09:00,,,,,,,,,,,,,60.00,60.00,60.00,60.00,,,,,37.769042,-122.426858
sf/Ped volume - count database.txt,DOLORES at MARKET,extrapolated,8/24/2006 / Thur,12:00-13:00,,,,,,,,,,,,,99.25,99.25,99.25,99.25,,,,,37.769042,-122.426858
sf/Ped volume - count database.txt,DOLORES at MARKET,extrapolated,8/24/2006 / Thur,17:00-18:00,,,,,,,,,,,,,109.50,109.50,109.50,109.50,,,,,37.769042,-122.426858
sf/Ped volume - count database.txt,DON CHEE at THE EMBARCADERO,extrapolated,8/15/2006 / Tue,08:00-09:00,,,,,,,,,,,,,39.00,39.00,39.00,39.00,,,,,,
sf/Ped volume - count database.txt,DON CHEE at THE EMBARCADERO,extrapolated,8/15/2006 / Tue,12:00-13:00,,,,,,,,,,,,,114.50,114.50,114.50,114.50,,,,,,
sf/Ped volume - count database.txt,DON CHEE at THE EMBARCADERO,extrapolated,8/15/2006 / Tue,17:00-18:00,,,,,,,,,,,,,57.75,57.75,57.75,57.75,,,,,,
sf/Ped volume - count database.txt,DRUMM at MAIN/MARKET,extrapolated,8/16/2006 / Wed,08:00-09:00,,,,,,,,,,,,,541.75,541.75,541.75,541.75,,,,,,
sf/Ped volume - count database.txt,DRUMM at MAIN/MARKET,extrapolated,8/16/2006 / Wed,12:00-13:00,,,,,,,,,,,,,1170.25,1170.25,1170.25,1170.25,,,,,,
sf/Ped volume - count database.txt,DRUMM at MAIN/MARKET,extrapolated,8/16/2006 / Wed,17:00-18:00,,,,,,,,,,,,,674.00,674.00,674.00,674.00,,,,,,
sf/Ped volume - count database.txt,DUBOCE at BUCHANAN/MARKET,extrapolated,8/24/2006 / Thur,08:00-09:00,,,,,,,,,,,,,28.75,28.75,28.75,28.75,,,,,,
sf/Ped volume - count database.txt,DUBOCE at BUCHANAN/MARKET,extrapolated,8/24/2006 / Thur,12:00-13:00,,,,,,,,,,,,,48.75,48.75,48.75,48.75,,,,,,
sf/Ped volume - count database.txt,DUBOCE at BUCHANAN/MARKET,extrapolated,8/24/2006 / Thur,17:00-18:00,,,,,,,,,,,,,63.00,63.00,63.00,63.00,,,,,,
sf/Ped volume - count database.txt,DUBOCE at STEINER,extrapolated,5/24/2007 / Thur,17:00-18:00,,,,,,,,,,,,,64.00,64.00,64.00,64.00,,,,,37.769307,-122.431570
sf/Ped volume - count database.txt,DUNCAN at GUERRERO,extrapolated,May 04 / N/A,08:00-09:00,,,,,,,,,,,,,9.25,9.25,9.25,9.25,,,,,37.746377,-122.422311
sf/Ped volume - count database.txt,DUNCAN at GUERRERO,extrapolated,May 04 / N/A,12:00-13:00,,,,,,,,,,,,,12.25,12.25,12.25,12.25,,,,,37.746377,-122.422311
sf/Ped volume - count database.txt,DUNCAN at GUERRERO,extrapolated,May 04 / N/A,17:00-18:00,,,,,,,,,,,,,14.50,14.50,14.50,14.50,,,,,37.746377,-122.422311
sf/Ped volume - count database.txt,EDDY at LARKIN,extrapolated,8/1/2007 / Wed,17:00-18:00,,,,,,,,,,,,,222.00,222.00,222.00,222.00,,,,,37.783311,-122.417529
sf/Ped volume - count database.txt,ELLIS at JONES,extrapolated,4/20/2007 / Fri,12:00-13:00,,,,,,,,,,,,,164.00,164.00,164.00,164.00,,,,,37.784866,-122.412782
sf/Ped volume - count database.txt,ELLIS at LEAVENWORTH,extrapolated,8/1/2007 / Wed,17:00-18:00,,,,,,,,,,,,,305.00,305.00,305.00,305.00,,,,,37.784657,-122.414430
sf/Ped volume - count database.txt,THE EMBARCADERO at BROADWAY,extrapolated,8/17/2006 / Thur,08:00-09:00,,,,,,,,,,,,,62.50,62.50,62.50,62.50,,,,,37.799234,-122.397670
sf/Ped volume - count database.txt,THE EMBARCADERO at BROADWAY,extrapolated,8/17/2006 / Thur,12:00-13:00,,,,,,,,,,,,,101.00,101.00,101.00,101.00,,,,,37.799234,-122.397670
sf/Ped volume - count database.txt,THE EMBARCADERO at BROADWAY,extrapolated,8/17/2006 / Thur,17:00-18:00,,,,,,,,,,,,,89.25,89.25,89.25,89.25,,,,,37.799234,-122.397670
sf/Ped volume - count database.txt,THE EMBARCADERO at FERRY BUILDING,extrapolated,"April  2007" / Thur,17:00-18:00,,,,,,,,,,,,,449.00,449.00,449.00,449.00,,,,,,
sf/Ped volume - count database.txt,THE EMBARCADERO at FOLSOM,extrapolated,8/15/2006 / Tue,08:00-09:00,,,,,,,,,,,,,117.50,117.50,117.50,117.50,,,,,37.790827,-122.390012
sf/Ped volume - count database.txt,THE EMBARCADERO at FOLSOM,extrapolated,8/15/2006 / Tue,12:00-13:00,,,,,,,,,,,,,120.00,120.00,120.00,120.00,,,,,37.790827,-122.390012
sf/Ped volume - count database.txt,THE EMBARCADERO at FOLSOM,extrapolated,8/15/2006 / Tue,17:00-18:00,,,,,,,,,,,,,63.50,63.50,63.50,63.50,,,,,37.790827,-122.390012
sf/Ped volume - count database.txt,THE EMBARCADERO at GREEN,extrapolated,8/17/2006 / Thur,08:00-09:00,,,,,,,,,,,,,54.75,54.75,54.75,54.75,,,,,37.800896,-122.399130
sf/Ped volume - count database.txt,THE EMBARCADERO at GREEN,extrapolated,8/17/2006 / Thur,12:00-13:00,,,,,,,,,,,,,71.50,71.50,71.50,71.50,,,,,37.800896,-122.399130
sf/Ped volume - count database.txt,THE EMBARCADERO at GREEN,extrapolated,8/17/2006 / Thur,17:00-18:00,,,,,,,,,,,,,67.75,67.75,67.75,67.75,,,,,37.800896,-122.399130
sf/Ped volume - count database.txt,THE EMBARCADERO at HARRISON,extrapolated,Oct. 2002 / Thur,12:00-13:00,,,,,,,,,,,,,61.25,61.25,61.25,61.25,,,,,37.789572,-122.388481
sf/Ped volume - count database.txt,THE EMBARCADERO at HARRISON,extrapolated,Oct. 2002 / Thur,17:00-18:00,,,,,,,,,,,,,73.00,73.00,73.00,73.00,,,,,37.789572,-122.388481
sf/Ped volume - count database.txt,THE EMBARCADERO at HARRISON,extrapolated,8/15/2006 / Tue,08:00-09:00,,,,,,,,,,,,,63.00,63.00,63.00,63.00,,,,,37.789572,-122.388481
sf/Ped volume - count database.txt,THE EMBARCADERO at HARRISON,extrapolated,8/15/2006 / Tue,12:00-13:00,,,,,,,,,,,,,87.75,87.75,87.75,87.75,,,,,37.789572,-122.388481
sf/Ped volume - count database.txt,THE EMBARCADERO at HARRISON,extrapolated,8/15/2006 / Tue,17:00-18:00,,,,,,,,,,,,,76.50,76.50,76.50,76.50,,,,,37.789572,-122.388481
sf/Ped volume - count database.txt,THE EMBARCADERO at HOWARD,extrapolated,"Aug  Sept 05" / "W  R",08:00-09:00,,,,,,,,,,,,,28.25,28.25,28.25,28.25,,,,,37.792436,-122.391096
sf/Ped volume - count database.txt,THE EMBARCADERO at HOWARD,extrapolated,"Aug  Sept 05" / "W  R",17:00-18:00,,,,,,,,,,,,,45.75,45.75,45.75,45.75,,,,,37.792436,-122.391096
sf/Ped volume - count database.txt,THE EMBARCADERO at HOWARD,extrapolated,8/15/2006 / Tue,08:00-09:00,,,,,,,,,,,,,26.00,26.00,26.00,26.00,,,,,37.792436,-122.391096
sf/Ped volume - count database.txt,THE EMBARCADERO at HOWARD,extrapolated,8/15/2006 / Tue,12:00-13:00,,,,,,,,,,,,,119.25,119.25,119.25,119.25,,,,,37.792436,-122.391096
sf/Ped volume - count database.txt,THE EMBARCADERO at HOWARD,extrapolated,8/15/2006 / Tue,17:00-18:00,,,,,,,,,,,,,53.50,53.50,53.50,53.50,,,,,37.792436,-122.391096
sf/Ped volume - count database.txt,THE EMBARCADERO at KEARNY/NORTH POINT,extrapolated,8/24/2006 / Thur,08:00-09:00,,,,,,,,,,,,,12.75,12.75,12.75,12.75,,,,,,
sf/Ped volume - count database.txt,THE EMBARCADERO at KEARNY/NORTH POINT,extrapolated,8/24/2006 / Thur,12:00-13:00,,,,,,,,,,,,,66.50,66.50,66.50,66.50,,,,,,
sf/Ped volume - count database.txt,THE EMBARCADERO at KEARNY/NORTH POINT,extrapolated,8/24/2006 / Thur,17:00-18:00,,,,,,,,,,,,,79.50,79.50,79.50,79.50,,,,,,
sf/Ped volume - count database.txt,THE EMBARCADERO at LOMBARD/BATTERY,extrapolated,Oct. 2002 / Thur,12:00-13:00,,,,,,,,,,,,,145.50,145.50,145.50,145.50,,,,,,
sf/Ped volume - count database.txt,THE EMBARCADERO at LOMBARD/BATTERY,extrapolated,Oct. 2002 / Thur,17:00-18:00,,,,,,,,,,,,,97.75,97.75,97.75,97.75,,,,,,
sf/Ped volume - count database.txt,THE EMBARCADERO at MIDBLOCK BETWEEN BROADWAY AND WASHINGTON,extrapolated,8/23/2006 / Wed,08:00-09:00,,,,,,,,,,,,,80.25,80.25,80.25,80.25,,,,,,
sf/Ped volume - count database.txt,THE EMBARCADERO at MIDBLOCK BETWEEN BROADWAY AND WASHINGTON,extrapolated,8/23/2006 / Wed,12:00-13:00,,,,,,,,,,,,,72.00,72.00,72.00,72.00,,,,,,
sf/Ped volume - count database.txt,THE EMBARCADERO at MIDBLOCK BETWEEN BROADWAY AND WASHINGTON,extrapolated,8/23/2006 / Wed,17:00-18:00,,,,,,,,,,,,,92.75,92.75,92.75,92.75,,,,,,
sf/Ped volume - count database.txt,THE EMBARCADERO at MIDBLOCK BETWEEN TOWNSEND AND BRANNAN,extrapolated,8/15/2006 / Tue,08:00-09:00,,,,,,,,,,,,,18.00,18.00,18.00,18.00,,,,,,
sf/Ped volume - count database.txt,THE EMBARCADERO at MIDBLOCK BETWEEN TOWNSEND AND BRANNAN,extrapolated,8/15/2006 / Tue,12:00-13:00,,,,,,,,,,,,,10.50,10.50,10.50,10.50,,,,,,
sf/Ped volume - count database.txt,THE EMBARCADERO at MIDBLOCK BETWEEN TOWNSEND AND BRANNAN,extrapolated,8/15/2006 / Tue,17:00-18:00,,,,,,,,,,,,,10.50,10.50,10.50,10.50,,,,,,
sf/Ped volume - count database.txt,THE EMBARCADERO at MIDBLOCK BETWEEN WASHINGTON AND FERRY BUILDING,extrapolated,8/15/2006 / Tue,08:00-09:00,,,,,,,,,,,,,100.00,100.00,100.00,100.00,,,,,,
sf/Ped volume - count database.txt,THE EMBARCADERO at MIDBLOCK BETWEEN WASHINGTON AND FERRY BUILDING,extrapolated,8/15/2006 / Tue,12:00-13:00,,,,,,,,,,,,,140.50,140.50,140.50,140.50,,,,,,
sf/Ped volume - count database.txt,THE EMBARCADERO at MIDBLOCK BETWEEN WASHINGTON AND FERRY BUILDING,extrapolated,8/15/2006 / Tue,17:00-18:00,,,,,,,,,,,,,94.50,94.50,94.50,94.50,,,,,,
sf/Ped volume - count database.txt,THE EMBARCADERO at MISSION,extrapolated,8/15/2006 / Tue,08:00-09:00,,,,,,,,,,,,,87.75,87.75,87.75,87.75,,,,,37.793769,-122.392499
sf/Ped volume - count database.txt,THE EMBARCADERO at MISSION,extrapolated,8/15/2006 / Tue,12:00-13:00,,,,,,,,,,,,,230.75,230.75,230.75,230.75,,,,,37.793769,-122.392499
sf/Ped volume - count database.txt,THE EMBARCADERO at MISSION,extrapolated,8/15/2006 / Tue,17:00-18:00,,,,,,,,,,,,,95.75,95.75,95.75,95.75,,,,,37.793769,-122.392499
sf/Ped volume - count database.txt,THE EMBARCADERO at NORTHPOINT/KEARNY,extrapolated,Oct. 2002 / Thur,12:00-13:00,,,,,,,,,,,,,89.00,89.00,89.00,89.00,,,,,,
sf/Ped volume - count database.txt,THE EMBARCADERO at NORTHPOINT/KEARNY,extrapolated,Oct. 2002 / Thur,17:00-18:00,,,,,,,,,,,,,76.50,76.50,76.50,76.50,,,,,,
sf/Ped volume - count database.txt,THE EMBARCADERO at PIER 23,extrapolated,8/23/2006 / Wed,08:00-09:00,,,,,,,,,,,,,16.25,16.25,16.25,16.25,,,,,,
sf/Ped volume - count database.txt,THE EMBARCADERO at PIER 23,extrapolated,8/23/2006 / Wed,12:00-13:00,,,,,,,,,,,,,20.00,20.00,20.00,20.00,,,,,,
sf/Ped volume - count database.txt,THE EMBARCADERO at PIER 23,extrapolated,8/23/2006 / Wed,17:00-18:00,,,,,,,,,,,,,21.75,21.75,21.75,21.75,,,,,,
sf/Ped volume - count database.txt,THE EMBARCADERO at TOWNSEND,extrapolated,8/15/2006 / Tue,08:00-09:00,,,,,,,,,,,,,56.50,56.50,56.50,56.50,,,,,37.782240,-122.388379
sf/Ped volume - count database.txt,THE EMBARCADERO at TOWNSEND,extrapolated,8/15/2006 / Tue,12:00-13:00,,,,,,,,,,,,,108.50,108.50,108.50,108.50,,,,,37.782240,-122.388379
sf/Ped volume - count database.txt,THE EMBARCADERO at TOWNSEND,extrapolated,8/15/2006 / Tue,17:00-18:00,,,,,,,,,,,,,61.50,61.50,61.50,61.50,,,,,37.782240,-122.388379
sf/Ped volume - count database.txt,THE EMBARCADERO at WASHINGTON,extrapolated,9/10/2009 / Thur,17:00-18:00,,,,,,,,,,,,,142.50,142.50,142.50,142.50,,,,,,
sf/Ped volume - count database.txt,THE EMBARCADERO at WASHINGTON,extrapolated,8/23/2006 / Wed,08:00-09:00,,,,,,,,,,,,,44.00,44.00,44.00,44.00,,,,,,
sf/Ped volume - count database.txt,THE EMBARCADERO at WASHINGTON,extrapolated,8/23/2006 / Wed,12:00-13:00,,,,,,,,,,,,,172.25,172.25,172.25,172.25,,,,,,
sf/Ped volume - count database.txt,THE EMBARCADERO at WASHINGTON,extrapolated,8/23/2006 / Wed,17:00-18:00,,,,,,,,,,,,,125.00,125.00,125.00,125.00,,,,,,
sf/Ped volume - count database.txt,THE EMBARCADERO (NB) at MIDBLOCK AT FERRY BUILDING,extrapolated,8/15/2006 / Tue,08:00-09:00,,,,,,,,,,,,,350.25,350.25,350.25,350.25,,,,,,
sf/Ped volume - count database.txt,THE EMBARCADERO (NB) at MIDBLOCK AT FERRY BUILDING,extrapolated,8/15/2006 / Tue,12:00-13:00,,,,,,,,,,,,,592.25,592.25,592.25,592.25,,,,,,
sf/Ped volume - count database.txt,THE EMBARCADERO (NB) at MIDBLOCK AT FERRY BUILDING,extrapolated,8/15/2006 / Tue,17:00-18:00,,,,,,,,,,,,,513.25,513.25,513.25,513.25,,,,,,
sf/Ped volume - count database.txt,EVELYN at JUANITA,extrapolated,8/25/2010 / Wed,17:00-18:00,,,,,,,,,,,,,13.00,13.00,13.00,13.00,,,,,,
sf/Ped volume - count database.txt,FELL at GOUGH,extrapolated,9/21/2010 / Tues.,08:00-09:00,,,,,,,,,,,,,138.50,138.50,138.50,138.50,,,,,37.775950,-122.422788
sf/Ped volume - count database.txt,FELL at GOUGH,extrapolated,9/21/2010 / Tues.,17:00-18:00,,,,,,,,,,,,,140.25,140.25,140.25,140.25,,,,,37.775950,-122.422788
sf/Ped volume - count database.txt,FILLMORE at HAIGHT,extrapolated,7/20/2007 / Fri,12:00-13:00,,,,,,,,,,,,,169.00,169.00,169.00,169.00,,,,,37.772108,-122.430434
sf/Ped volume - count database.txt,FILLMORE at UNION,extrapolated,3/25/2007 / Sun,17:00-18:00,,,,,,,,,,,,,216.00,216.00,216.00,216.00,,,,,37.797089,-122.435490
sf/Ped volume - count database.txt,FILLMORE NORTH at GEARY,extrapolated,3/10/2005 / Thur,12:00-13:00,,,,,,,,,,,,,194.75,194.75,194.75,194.75,,,,,,
sf/Ped volume - count database.txt,FILLMORE NORTH at GEARY,extrapolated,3/10/2005 / Thur,17:00-18:00,,,,,,,,,,,,,233.25,233.25,233.25,233.25,,,,,,
sf/Ped volume - count database.txt,FILLMORE SOUTH at GEARY,extrapolated,3/10/2005 / Thur,12:00-13:00,,,,,,,,,,,,,222.00,222.00,222.00,222.00,,,,,,
sf/Ped volume - count database.txt,FILLMORE SOUTH at GEARY,extrapolated,3/10/2005 / Thur,17:00-18:00,,,,,,,,,,,,,239.75,239.75,239.75,239.75,,,,,,
sf/Ped volume - count database.txt,FILMORE at GEARY,extrapolated,3/10/2005 / ,12:00-13:00,,,,,,,,,,,,,100.00,100.00,100.00,100.00,,,,,,
sf/Ped volume - count database.txt,FILMORE at GEARY,extrapolated,3/10/2005 / ,17:00-18:00,,,,,,,,,,,,,116.00,116.00,116.00,116.00,,,,,,
sf/Ped volume - count database.txt,FRANKLIN at GEARY,extrapolated,"7/02  8/02" / N/A,08:00-09:00,,,,,,,,,,,,,45.00,45.00,45.00,45.00,,,,,37.785482,-122.423028
sf/Ped volume - count database.txt,FRANKLIN at UNION,extrapolated,4/26/2007 / Thur,17:00-18:00,,,,,,,,,,,,,68.00,68.00,68.00,68.00,,,,,37.798344,-122.425626
sf/Ped volume - count database.txt,FREMONT at FRONT/MARKET,extrapolated,8/16/2006 / Wed,08:00-09:00,,,,,,,,,,,,,900.50,900.50,900.50,900.50,,,,,,
sf/Ped volume - count database.txt,FREMONT at FRONT/MARKET,extrapolated,8/16/2006 / Wed,12:00-13:00,,,,,,,,,,,,,837.00,837.00,837.00,837.00,,,,,,
sf/Ped volume - count database.txt,FREMONT at FRONT/MARKET,extrapolated,8/16/2006 / Wed,17:00-18:00,,,,,,,,,,,,,835.50,835.50,835.50,835.50,,,,,,
sf/Ped volume - count database.txt,FULTON at PARKER,extrapolated,4/24/2007 / Tue,12:00-13:00,,,,,,,,,,,,,103.00,103.00,103.00,103.00,,,,,37.774995,-122.452810
sf/Ped volume - count database.txt,GEARY at LAGUNA,extrapolated,9/16/2009 / Wed,08:00-09:00,,,,,,,,,,,,,73.50,73.50,73.50,73.50,,,,,37.784954,-122.427989
sf/Ped volume - count database.txt,GEARY at LEAVENWORTH,extrapolated,3/10/2005 / Thur,12:00-13:00,,,,,,,,,,,,,184.50,184.50,184.50,184.50,,,,,37.786520,-122.414807
sf/Ped volume - count database.txt,GEARY at LEAVENWORTH,extrapolated,3/10/2005 / Thur,17:00-18:00,,,,,,,,,,,,,217.75,217.75,217.75,217.75,,,,,37.786520,-122.414807
sf/Ped volume - count database.txt,GEARY at MASONIC,extrapolated,3/10/2005 / Thur,12:00-13:00,,,,,,,,,,,,,138.00,138.00,138.00,138.00,,,,,37.782392,-122.447302
sf/Ped volume - count database.txt,GEARY at MASONIC,extrapolated,3/10/2005 / Thur,17:00-18:00,,,,,,,,,,,,,139.50,139.50,139.50,139.50,,,,,37.782392,-122.447302
sf/Ped volume - count database.txt,GEARY at PARK PRESIDIO,extrapolated,"7/02  8/02" / N/A,08:00-09:00,,,,,,,,,,,,,122.00,122.00,122.00,122.00,,,,,37.780656,-122.472312
sf/Ped volume - count database.txt,GEARY at PRESIDIO,extrapolated,3/10/2005 / Thur,12:00-13:00,,,,,,,,,,,,,164.00,164.00,164.00,164.00,,,,,37.782488,-122.445821
sf/Ped volume - count database.txt,GEARY at PRESIDIO,extrapolated,3/10/2005 / Thur,17:00-18:00,,,,,,,,,,,,,93.00,93.00,93.00,93.00,,,,,37.782488,-122.445821
sf/Ped volume - count database.txt,GEARY at STEINER,extrapolated,10/22/2009 / Thur,12:00-13:00,,,,,,,,,,,,,40.00,40.00,40.00,40.00,,,,,37.784152,-122.434562
sf/Ped volume - count database.txt,GEARY at VAN NESS,extrapolated,"7/02  8/02" / N/A,08:00-09:00,,,,,,,,,,,,,195.25,195.25,195.25,195.25,,,,,37.785686,-122.421393
sf/Ped volume - count database.txt,GEARY at VAN NESS,extrapolated,May 2001 / N/A,12:00-13:00,,,,,,,,,,,,,227.75,227.75,227.75,227.75,,,,,37.785686,-122.421393
sf/Ped volume - count database.txt,GENEVA at MISSION,extrapolated,"7/02  8/02" / N/A,08:00-09:00,,,,,,,,,,,,,227.75,227.75,227.75,227.75,,,,,37.716460,-122.441020
sf/Ped volume - count database.txt,GENEVA at NB280 ON RAMP,extrapolated, / ,08:00-09:00,,,,,,,,,,,,,47.50,47.50,47.50,47.50,,,,,,
sf/Ped volume - count database.txt,GENEVA at NB280 ON RAMP,extrapolated, / ,17:00-18:00,,,,,,,,,,,,,50.25,50.25,50.25,50.25,,,,,,
sf/Ped volume - count database.txt,GENEVA at OCEAN,extrapolated,9/10/2009 / Thur,17:00-18:00,,,,,,,,,,,,,103.50,103.50,103.50,103.50,,,,,37.723080,-122.452332
sf/Ped volume - count database.txt,GENEVA at SAN JOSE,extrapolated, / ,08:00-09:00,,,,,,,,,,,,,222.00,222.00,222.00,222.00,,,,,37.720724,-122.446609
sf/Ped volume - count database.txt,GENEVA at SAN JOSE,extrapolated, / ,17:00-18:00,,,,,,,,,,,,,183.25,183.25,183.25,183.25,,,,,37.720724,-122.446609
sf/Ped volume - count database.txt,GENEVA at SAN JOSE,extrapolated,May 2001 / N/A,12:00-13:00,,,,,,,,,,,,,259.25,259.25,259.25,259.25,,,,,37.720724,-122.446609
sf/Ped volume - count database.txt,GENEVA at SB 280 OFF RAMP,extrapolated, / ,08:00-09:00,,,,,,,,,,,,,37.50,37.50,37.50,37.50,,,,,,
sf/Ped volume - count database.txt,GENEVA at SB 280 OFF RAMP,extrapolated, / ,17:00-18:00,,,,,,,,,,,,,50.00,50.00,50.00,50.00,,,,,,
sf/Ped volume - count database.txt,GOLDEN GATE at HYDE,extrapolated,1/9/2007 / Tues.,12:00-13:00,,,,,,,,,,,,,314.00,314.00,314.00,314.00,,,,,37.781654,-122.415505
sf/Ped volume - count database.txt,GOLDEN GATE at JONES,extrapolated,1/9/2007 / Tues.,12:00-13:00,,,,,,,,,,,,,199.00,199.00,199.00,199.00,,,,,37.782073,-122.412221
sf/Ped volume - count database.txt,GOLDEN GATE at JONES,extrapolated,9/17/2009 / Thur,08:00-09:00,,,,,,,,,,,,,162.50,162.50,162.50,162.50,,,,,37.782073,-122.412221
sf/Ped volume - count database.txt,GOLDEN GATE at VAN NESS,extrapolated,8/1/2007 / Wed,17:00-18:00,,,,,,,,,,,,,242.00,242.00,242.00,242.00,,,,,37.781031,-122.420440
sf/Ped volume - count database.txt,GOUGH at MARKET,extrapolated,8/30/2006 / Wed,08:00-09:00,,,,,,,,,,,,,153.00,153.00,153.00,153.00,,,,,37.772909,-122.422186
sf/Ped volume - count database.txt,GOUGH at MARKET,extrapolated,8/30/2006 / Wed,12:00-13:00,,,,,,,,,,,,,228.25,228.25,228.25,228.25,,,,,37.772909,-122.422186
sf/Ped volume - count database.txt,GOUGH at MARKET,extrapolated,8/30/2006 / Wed,17:00-18:00,,,,,,,,,,,,,181.25,181.25,181.25,181.25,,,,,37.772909,-122.422186
sf/Ped volume - count database.txt,GRANT at MARKET/O'FARRELL,extrapolated,8/22/2006 / Tue,08:00-09:00,,,,,,,,,,,,,218.00,218.00,218.00,218.00,,,,,,
sf/Ped volume - count database.txt,GRANT at MARKET/O'FARRELL,extrapolated,8/22/2006 / Tue,12:00-13:00,,,,,,,,,,,,,687.50,687.50,687.50,687.50,,,,,,
sf/Ped volume - count database.txt,GRANT at MARKET/O'FARRELL,extrapolated,8/22/2006 / Tue,17:00-18:00,,,,,,,,,,,,,977.00,977.00,977.00,977.00,,,,,,
sf/Ped volume - count database.txt,GROVE at VAN NESS,extrapolated,1/10/2007 / Wed,12:00-13:00,,,,,,,,,,,,,218.00,218.00,218.00,218.00,,,,,37.778251,-122.419883
sf/Ped volume - count database.txt,GUERRERO at LAGUNA/MARKET,extrapolated,8/24/2006 / Thur,08:00-09:00,,,,,,,,,,,,,39.00,39.00,39.00,39.00,,,,,,
sf/Ped volume - count database.txt,GUERRERO at LAGUNA/MARKET,extrapolated,8/24/2006 / Thur,12:00-13:00,,,,,,,,,,,,,49.00,49.00,49.00,49.00,,,,,,
sf/Ped volume - count database.txt,GUERRERO at LAGUNA/MARKET,extrapolated,8/24/2006 / Thur,17:00-18:00,,,,,,,,,,,,,39.00,39.00,39.00,39.00,,,,,,
sf/Ped volume - count database.txt,HAIGHT at MASONIC,extrapolated,3/25/2007 / Sun,17:00-18:00,,,,,,,,,,,,,434.00,434.00,434.00,434.00,,,,,37.770210,-122.445345
sf/Ped volume - count database.txt,HAIGHT at STEINER,extrapolated,3/25/2007 / Sun,17:00-18:00,,,,,,,,,,,,,168.00,168.00,168.00,168.00,,,,,37.771897,-122.432092
sf/Ped volume - count database.txt,HAYES at OCTAVIA,extrapolated,4/18/2007 / Wed,12:00-13:00,,,,,,,,,,,,,95.00,95.00,95.00,95.00,,,,,37.776674,-122.424623
sf/Ped volume - count database.txt,HAYES at STEINER,extrapolated,7/27/2007 / Fri,17:00-18:00,,,,,,,,,,,,,41.00,41.00,41.00,41.00,,,,,37.775626,-122.432830
sf/Ped volume - count database.txt,HOWARD at MARY,extrapolated,7/18/2007 / Wed,12:00-13:00,,,,,,,,,,,,,42.00,42.00,42.00,42.00,,,,,37.780878,-122.405719
sf/Ped volume - count database.txt,HOWARD at RUSS,extrapolated,7/18/2007 / Wed,12:00-13:00,,,,,,,,,,,,,63.00,63.00,63.00,63.00,,,,,37.778861,-122.408272
sf/Ped volume - count database.txt,HYDE at LOMBARD,extrapolated,7/19/2007 / Thur,17:00-18:00,,,,,,,,,,,,,170.00,170.00,170.00,170.00,,,,,37.801995,-122.419614
sf/Ped volume - count database.txt,INGALLS at PALOU,extrapolated,9/17/2009 / Thur,17:00-18:00,,,,,,,,,,,,,8.25,8.25,8.25,8.25,,,,,37.729738,-122.383431
sf/Ped volume - count database.txt,IRVING at SUNSET BLVD,extrapolated,5/24/2007 / Thur,17:00-18:00,,,,,,,,,,,,,75.00,75.00,75.00,75.00,,,,,,
sf/Ped volume - count database.txt,JACKSON at MONTGOMERY,extrapolated,4/13/2007 / Fri,12:00-13:00,,,,,,,,,,,,,204.00,204.00,204.00,204.00,,,,,37.796417,-122.403497
sf/Ped volume - count database.txt,JACKSON at POWELL,extrapolated,8/10/2010 / Tues.,17:00-18:00,,,,,,,,,,,,,297.75,297.75,297.75,297.75,,,,,37.795616,-122.409899
sf/Ped volume - count database.txt,JACKSON at STOCKTON,extrapolated,5/14/2003 / Wed,12:00-13:00,,,,,,,,,,,,,723.50,723.50,723.50,723.50,,,,,37.795824,-122.408253
sf/Ped volume - count database.txt,JACKSON at STOCKTON,extrapolated,5/14/2003 / Wed,17:00-18:00,,,,,,,,,,,,,581.00,581.00,581.00,581.00,,,,,37.795824,-122.408253
sf/Ped volume - count database.txt,JEFFERSON at MASON,extrapolated,3/25/2007 / Sun,17:00-18:00,,,,,,,,,,,,,742.00,742.00,742.00,742.00,,,,,37.808421,-122.414164
sf/Ped volume - count database.txt,JFK at STANYAN,extrapolated,9/17/2009 / Thur,17:00-18:00,,,,,,,,,,,,,109.50,109.50,109.50,109.50,,,,,,
sf/Ped volume - count database.txt,JOHN F. KENNEDY DR. at STANYAN,extrapolated,8/19/2006 / Sat,12:00-13:00,,,,,,,,,,,,,172.50,172.50,172.50,172.50,,,,,,
sf/Ped volume - count database.txt,JOHN F. KENNEDY DR. at STANYAN,extrapolated,8/5/2006 / Sat,12:00-13:00,,,,,,,,,,,,,101.50,101.50,101.50,101.50,,,,,,
sf/Ped volume - count database.txt,JOHN F. KENNEDY DR. at STANYAN,extrapolated,8/6/2006 / Sun,12:00-13:00,,,,,,,,,,,,,127.75,127.75,127.75,127.75,,,,,,
sf/Ped volume - count database.txt,JOHN F. KENNEDY DR. at STANYAN,extrapolated,8/20/2006 / Sun,12:00-13:00,,,,,,,,,,,,,63.75,63.75,63.75,63.75,,,,,,
sf/Ped volume - count database.txt,JULES at OCEAN,extrapolated,1/9/2007 / Wed,17:00-18:00,,,,,,,,,,,,,100.00,100.00,100.00,100.00,,,,,37.724950,-122.461211
sf/Ped volume - count database.txt,KANSAS at MARIPOSA,extrapolated,8/26/2010 / Thur,17:00-18:00,,,,,,,,,,,,,9.75,9.75,9.75,9.75,,,,,37.763445,-122.403412
sf/Ped volume - count database.txt,KEARNY at SUTTER,extrapolated,2/14/2007 / Wed,17:00-18:00,,,,,,,,,,,,,442.00,442.00,442.00,442.00,,,,,37.789829,-122.403842
sf/Ped volume - count database.txt,KIRKHAM at SUNSET,extrapolated,7/11/2006 / Tues.,08:00-09:00,,,,,,,,,,,,,18.75,18.75,18.75,18.75,,,,,37.759004,-122.495617
sf/Ped volume - count database.txt,KIRKHAM at SUNSET,extrapolated,7/11/2006 / Tues.,17:00-18:00,,,,,,,,,,,,,8.50,8.50,8.50,8.50,,,,,37.759004,-122.495617
sf/Ped volume - count database.txt,LAGUNA at GEARY,extrapolated,"7/02  8/02" / N/A,08:00-09:00,,,,,,,,,,,,,85.50,85.50,85.50,85.50,,,,,37.784954,-122.427989
sf/Ped volume - count database.txt,LAGUNA at GEARY,extrapolated,May 2001 / N/A,12:00-13:00,,,,,,,,,,,,,96.00,96.00,96.00,96.00,,,,,37.784954,-122.427989
sf/Ped volume - count database.txt,LAGUNA at UNION,extrapolated,6/9/2007 / Sat,12:00-13:00,,,,,,,,,,,,,430.00,430.00,430.00,430.00,,,,,37.797716,-122.430559
sf/Ped volume - count database.txt,LARKIN at GEARY,extrapolated,May 2001 / N/A,12:00-13:00,,,,,,,,,,,,,128.25,128.25,128.25,128.25,,,,,37.786101,-122.418088
sf/Ped volume - count database.txt,LEE at OCEAN,extrapolated,1/9/2007 / Wed,17:00-18:00,,,,,,,,,,,,,106.00,106.00,106.00,106.00,,,,,37.723457,-122.454116
sf/Ped volume - count database.txt,LELAND at RUTLAND,extrapolated,8/3/2010 / Tues.,17:00-18:00,,,,,,,,,,,,,26.75,26.75,26.75,26.75,,,,,37.712547,-122.407348
sf/Ped volume - count database.txt,MARKET at MID-BLOCK AT UN PLAZA,extrapolated,8/23/2006 / Wed,08:00-09:00,,,,,,,,,,,,,60.25,60.25,60.25,60.25,,,,,,
sf/Ped volume - count database.txt,MARKET at MID-BLOCK AT UN PLAZA,extrapolated,8/23/2006 / Wed,12:00-13:00,,,,,,,,,,,,,184.50,184.50,184.50,184.50,,,,,,
sf/Ped volume - count database.txt,MARKET at MID-BLOCK AT UN PLAZA,extrapolated,8/23/2006 / Wed,17:00-18:00,,,,,,,,,,,,,93.50,93.50,93.50,93.50,,,,,,
sf/Ped volume - count database.txt,MARKET at MONTGOMERY/NEW MONTGOMERY/POST,extrapolated,8/22/2006 / Tue,08:00-09:00,,,,,,,,,,,,,1435.00,1435.00,1435.00,1435.00,,,,,,
sf/Ped volume - count database.txt,MARKET at MONTGOMERY/NEW MONTGOMERY/POST,extrapolated,8/22/2006 / Tue,12:00-13:00,,,,,,,,,,,,,1948.25,1948.25,1948.25,1948.25,,,,,,
sf/Ped volume - count database.txt,MARKET at MONTGOMERY/NEW MONTGOMERY/POST,extrapolated,8/22/2006 / Tue,17:00-18:00,,,,,,,,,,,,,1632.00,1632.00,1632.00,1632.00,,,,,,
sf/Ped volume - count database.txt,MARKET at NOE,extrapolated,"7/02  8/02" / N/A,08:00-09:00,,,,,,,,,,,,,531.56,531.56,531.56,531.56,,,,,37.764196,-122.433074
sf/Ped volume - count database.txt,MARKET at OCTAVIA,extrapolated,1/25/2006 / Wed,08:00-09:00,,,,,,,,,,,,,5.00,5.00,5.00,5.00,,,,,37.771717,-122.423620
sf/Ped volume - count database.txt,MARKET at OCTAVIA,extrapolated,8/24/2006 / Thur,08:00-09:00,,,,,,,,,,,,,80.75,80.75,80.75,80.75,,,,,37.771717,-122.423620
sf/Ped volume - count database.txt,MARKET at OCTAVIA,extrapolated,8/24/2006 / Thur,12:00-13:00,,,,,,,,,,,,,82.75,82.75,82.75,82.75,,,,,37.771717,-122.423620
sf/Ped volume - count database.txt,MARKET at OCTAVIA,extrapolated,8/24/2006 / Thur,17:00-18:00,,,,,,,,,,,,,115.25,115.25,115.25,115.25,,,,,37.771717,-122.423620
sf/Ped volume - count database.txt,MARKET at POWELL,extrapolated,8/23/2006 / Wed,08:00-09:00,,,,,,,,,,,,,467.75,467.75,467.75,467.75,,,,,,
sf/Ped volume - count database.txt,MARKET at POWELL,extrapolated,8/23/2006 / Wed,12:00-13:00,,,,,,,,,,,,,813.75,813.75,813.75,813.75,,,,,,
sf/Ped volume - count database.txt,MARKET at POWELL,extrapolated,8/23/2006 / Wed,17:00-18:00,,,,,,,,,,,,,945.25,945.25,945.25,945.25,,,,,,
sf/Ped volume - count database.txt,MARKET at SANSOME/SUTTER,extrapolated,8/22/2006 / Tue,08:00-09:00,,,,,,,,,,,,,801.25,801.25,801.25,801.25,,,,,,
sf/Ped volume - count database.txt,MARKET at SANSOME/SUTTER,extrapolated,8/22/2006 / Tue,12:00-13:00,,,,,,,,,,,,,1159.25,1159.25,1159.25,1159.25,,,,,,
sf/Ped volume - count database.txt,MARKET at SANSOME/SUTTER,extrapolated,8/22/2006 / Tue,17:00-18:00,,,,,,,,,,,,,1051.50,1051.50,1051.50,1051.50,,,,,,
sf/Ped volume - count database.txt,MARKET at SPEAR,extrapolated,8/16/2006 / Wed,08:00-09:00,,,,,,,,,,,,,672.50,672.50,672.50,672.50,,,,,37.793755,-122.395584
sf/Ped volume - count database.txt,MARKET at SPEAR,extrapolated,8/16/2006 / Wed,12:00-13:00,,,,,,,,,,,,,1028.50,1028.50,1028.50,1028.50,,,,,37.793755,-122.395584
sf/Ped volume - count database.txt,MARKET at SPEAR,extrapolated,8/16/2006 / Wed,17:00-18:00,,,,,,,,,,,,,643.00,643.00,643.00,643.00,,,,,37.793755,-122.395584
sf/Ped volume - count database.txt,MARKET at VALENCIA,extrapolated,9/7/2006 / Thur,08:00-09:00,,,,,,,,,,,,,46.50,46.50,46.50,46.50,,,,,37.772503,-122.422620
sf/Ped volume - count database.txt,MARKET at VALENCIA,extrapolated,9/7/2006 / Thur,12:00-13:00,,,,,,,,,,,,,30.75,30.75,30.75,30.75,,,,,37.772503,-122.422620
sf/Ped volume - count database.txt,MARKET at VALENCIA,extrapolated,9/7/2006 / Thur,17:00-18:00,,,,,,,,,,,,,61.00,61.00,61.00,61.00,,,,,37.772503,-122.422620
sf/Ped volume - count database.txt,MARKET at VAN NESS,extrapolated,8/30/2006 / Wed,08:00-09:00,,,,,,,,,,,,,344.50,344.50,344.50,344.50,,,,,37.775147,-122.419256
sf/Ped volume - count database.txt,MARKET at VAN NESS,extrapolated,8/30/2006 / Wed,12:00-13:00,,,,,,,,,,,,,484.75,484.75,484.75,484.75,,,,,37.775147,-122.419256
sf/Ped volume - count database.txt,MARKET at VAN NESS,extrapolated,8/30/2006 / Wed,17:00-18:00,,,,,,,,,,,,,442.50,442.50,442.50,442.50,,,,,37.775147,-122.419256
sf/Ped volume - count database.txt,MARKET at VAN NESS,extrapolated,May 2001 / N/A,12:00-13:00,,,,,,,,,,,,,650.25,650.25,650.25,650.25,,,,,37.775147,-122.419256
sf/Ped volume - count database.txt,MARKET at OCTAVIA,extrapolated,1/24/2006 / Tues.,08:00-09:00,,,,,,,,,,,,,5.00,5.00,5.00,5.00,,,,,37.771717,-122.423620
sf/Ped volume - count database.txt,MARKET at OCTAVIA,extrapolated,1/24/2006 / Tues.,17:00-18:00,,,,,,,,,,,,,5.00,5.00,5.00,5.00,,,,,37.771717,-122.423620
sf/Ped volume - count database.txt,MARKET MID-BLOCK at POWELL,extrapolated,12/22/2006 / Fri,17:00-18:00,,,,,,,,,,,,,1399.50,1399.50,1399.50,1399.50,,,,,,
sf/Ped volume - count database.txt,MIDBLOCK BETWEEN 2ND & 3RD STS at KING,extrapolated,8/15/2006 / Tue,08:00-09:00,,,,,,,,,,,,,47.50,47.50,47.50,47.50,,,,,,
sf/Ped volume - count database.txt,MIDBLOCK BETWEEN 2ND & 3RD STS at KING,extrapolated,8/15/2006 / Tue,12:00-13:00,,,,,,,,,,,,,33.25,33.25,33.25,33.25,,,,,,
sf/Ped volume - count database.txt,MIDBLOCK BETWEEN 2ND & 3RD STS at KING,extrapolated,8/15/2006 / Tue,17:00-18:00,,,,,,,,,,,,,39.75,39.75,39.75,39.75,,,,,,
sf/Ped volume - count database.txt,MIDBLOCK BETWEEN 3RD & 4TH STS at KING,extrapolated,8/15/2006 / Tue,08:00-09:00,,,,,,,,,,,,,28.75,28.75,28.75,28.75,,,,,,
sf/Ped volume - count database.txt,MIDBLOCK BETWEEN 3RD & 4TH STS at KING,extrapolated,8/15/2006 / Tue,12:00-13:00,,,,,,,,,,,,,57.25,57.25,57.25,57.25,,,,,,
sf/Ped volume - count database.txt,MIDBLOCK BETWEEN 3RD & 4TH STS at KING,extrapolated,8/15/2006 / Tue,17:00-18:00,,,,,,,,,,,,,44.75,44.75,44.75,44.75,,,,,,
sf/Ped volume - count database.txt,MIDBLOCK BETWEEN 4TH AND 5TH STS at KING,extrapolated,8/16/2006 / Wed,08:00-09:00,,,,,,,,,,,,,2.50,2.50,2.50,2.50,,,,,,
sf/Ped volume - count database.txt,MIDBLOCK BETWEEN 4TH AND 5TH STS at KING,extrapolated,8/16/2006 / Wed,12:00-13:00,,,,,,,,,,,,,3.25,3.25,3.25,3.25,,,,,,
sf/Ped volume - count database.txt,MIDBLOCK BETWEEN 4TH AND 5TH STS at KING,extrapolated,8/16/2006 / Wed,17:00-18:00,,,,,,,,,,,,,1.50,1.50,1.50,1.50,,,,,,
sf/Ped volume - count database.txt,MISSION at OCEAN,extrapolated,"7/02  8/02" / N/A,08:00-09:00,,,,,,,,,,,,,154.50,154.50,154.50,154.50,,,,,37.723909,-122.435385
sf/Ped volume - count database.txt,MISSION at PERSIA,extrapolated,"7/02  8/02" / N/A,08:00-09:00,,,,,,,,,,,,,137.75,137.75,137.75,137.75,,,,,37.723130,-122.435977
sf/Ped volume - count database.txt,MISSION at SILVER,extrapolated,1/16/2007 / Tues.,08:00-09:00,,,,,,,,,,,,,74.00,74.00,74.00,74.00,,,,,37.728730,-122.431294
sf/Ped volume - count database.txt,MISSION at SILVER,extrapolated,9/17/2009 / Thur,17:00-18:00,,,,,,,,,,,,,182.50,182.50,182.50,182.50,,,,,37.728730,-122.431294
sf/Ped volume - count database.txt,MISSION at VALENCIA,extrapolated,May 04 / N/A,08:00-09:00,,,,,,,,,,,,,43.75,43.75,43.75,43.75,,,,,37.745389,-122.420019
sf/Ped volume - count database.txt,MISSION at VALENCIA,extrapolated,May 04 / N/A,12:00-13:00,,,,,,,,,,,,,51.25,51.25,51.25,51.25,,,,,37.745389,-122.420019
sf/Ped volume - count database.txt,MISSION at VALENCIA,extrapolated,May 04 / N/A,17:00-18:00,,,,,,,,,,,,,52.50,52.50,52.50,52.50,,,,,37.745389,-122.420019
sf/Ped volume - count database.txt,MONTGOMERY at PINE,extrapolated,1/10/2007 / Wed,17:00-18:00,,,,,,,,,,,,,821.00,821.00,821.00,821.00,,,,,37.791899,-122.402571
sf/Ped volume - count database.txt,NORIEGA at SUNSET BLVD,extrapolated,5/24/2007 / Thur,17:00-18:00,,,,,,,,,,,,,77.00,77.00,77.00,77.00,,,,,,
sf/Ped volume - count database.txt,PACIFIC at STOCKTON,extrapolated,5/14/2003 / Wed,12:00-13:00,,,,,,,,,,,,,862.00,862.00,862.00,862.00,,,,,37.796704,-122.408431
sf/Ped volume - count database.txt,PACIFIC at STOCKTON,extrapolated,5/14/2003 / Wed,17:00-18:00,,,,,,,,,,,,,771.00,771.00,771.00,771.00,,,,,37.796704,-122.408431
sf/Ped volume - count database.txt,PINE at POLK,extrapolated,8/24/2010 / Tues.,17:00-18:00,,,,,,,,,,,,,208.00,208.00,208.00,208.00,,,,,37.789620,-122.420493
sf/Ped volume - count database.txt,PINE at STOCKTON,extrapolated,9/22/2010 / Wed,08:00-09:00,,,,,,,,,,,,,88.75,88.75,88.75,88.75,,,,,37.791296,-122.407340
sf/Ped volume - count database.txt,PINE at STOCKTON,extrapolated,9/22/2010 / Wed,17:00-18:00,,,,,,,,,,,,,97.25,97.25,97.25,97.25,,,,,37.791296,-122.407340
sf/Ped volume - count database.txt,PINE at POLK,extrapolated,4/20/2007 / Fri,12:00-13:00,,,,,,,,,,,,,207.00,207.00,207.00,207.00,,,,,37.789620,-122.420493
sf/Ped volume - count database.txt,PINE at VAN NESS,extrapolated,May 2001 / N/A,12:00-13:00,,,,,,,,,,,,,164.00,164.00,164.00,164.00,,,,,37.789412,-122.422135
sf/Ped volume - count database.txt,POLK at POST,extrapolated,1/17/2007 / Wed,12:00-13:00,,,,,,,,,,,,,139.00,139.00,139.00,139.00,,,,,37.786828,-122.419928
sf/Ped volume - count database.txt,POLK at SUTTER,extrapolated,1/17/2007 / Wed,12:00-13:00,,,,,,,,,,,,,132.00,132.00,132.00,132.00,,,,,37.787757,-122.420116
sf/Ped volume - count database.txt,POWELL at MID-BLOCK BTW ELLIS AND O'FARRELL,extrapolated,12/22/2006 / Fri,17:00-18:00,,,,,,,,,,,,,1155.50,1155.50,1155.50,1155.50,,,,,,
sf/Ped volume - count database.txt,POWELL at WASHINGTON,extrapolated,12/7/2006 / Thur,12:00-13:00,,,,,,,,,,,,,141.00,141.00,141.00,141.00,,,,,37.794737,-122.409722
sf/Ped volume - count database.txt,RANDALL at SAN JOSE,extrapolated,9/16/2009 / Wed,08:00-09:00,,,,,,,,,,,,,107.25,107.25,107.25,107.25,,,,,37.739869,-122.424147
sf/Ped volume - count database.txt,RANDALL at SAN JOSE,extrapolated,May 04 / N/A,08:00-09:00,,,,,,,,,,,,,65.75,65.75,65.75,65.75,,,,,37.739869,-122.424147
sf/Ped volume - count database.txt,RANDALL at SAN JOSE,extrapolated,May 04 / N/A,12:00-13:00,,,,,,,,,,,,,12.25,12.25,12.25,12.25,,,,,37.739869,-122.424147
sf/Ped volume - count database.txt,RANDALL at SAN JOSE,extrapolated,May 04 / N/A,17:00-18:00,,,,,,,,,,,,,20.50,20.50,20.50,20.50,,,,,37.739869,-122.424147
sf/Ped volume - count database.txt,SACRAMENTO at STOCKTON,extrapolated,"7/02  8/02" / N/A,08:00-09:00,,,,,,,,,,,,,347.06,347.06,347.06,347.06,,,,,37.793178,-122.407727
sf/Ped volume - count database.txt,SANTIAGO at SUNSET,extrapolated,7/12/2006 / Wed,08:00-09:00,,,,,,,,,,,,,8.00,8.00,8.00,8.00,,,,,37.744092,-122.494574
sf/Ped volume - count database.txt,SARGENT at VICTORIA,extrapolated,8/25/2010 / Wed,17:00-18:00,,,,,,,,,,,,,6.75,6.75,6.75,6.75,,,,,37.716118,-122.465321
sf/Ped volume - count database.txt,STOCKTON at WASHINGTON,extrapolated,5/14/2003 / Wed,12:00-13:00,,,,,,,,,,,,,374.00,374.00,374.00,374.00,,,,,37.794941,-122.408079
sf/Ped volume - count database.txt,STOCKTON at WASHINGTON,extrapolated,5/14/2003 / Wed,17:00-18:00,,,,,,,,,,,,,491.00,491.00,491.00,491.00,,,,,37.794941,-122.408079
sf/Ped volume - count database.txt,SUNSET at ULLOA,extrapolated,7/12/2006 / Wed,08:00-09:00,,,,,,,,,,,,,6.50,6.50,6.50,6.50,,,,,37.740356,-122.494313
sf/Ped volume - count database.txt,SUNSET BLVD at TARAVAL,extrapolated,5/24/2007 / Thur,17:00-18:00,,,,,,,,,,,,,77.00,77.00,77.00,77.00,,,,,,
sf/Ped volume - count database.txt,TAMALPAIS TERRACE at TURK,extrapolated,4/26/2007 / Thur,12:00-13:00,,,,,,,,,,,,,40.00,40.00,40.00,40.00,,,,,,
sf/Ped volume - count database.txt,TAYLOR at TURK,extrapolated,1/10/2007 / Wed,12:00-13:00,,,,,,,,,,,,,279.00,279.00,279.00,279.00,,,,,37.783214,-122.410765
sf/Ped volume - count database.txt,UCSF -MIDBLOCK BTW MILLBURY STUDENT UNION AND 513 PARNASSUS at ,extrapolated,4/24/2007 / Tue,12:00-13:00,,,,,,,,,,,,,240.00,240.00,240.00,240.00,,,,,,
sf/Ped volume - count database.txt,VICENTE at WEST PORTAL,extrapolated,4/26/2007 / Thur,17:00-18:00,,,,,,,,,,,,,129.00,129.00,129.00,129.00,,,,,,
sf/Ped volume - count database.txt,WALNUT at WASHINGTON,extrapolated,8/3/2010 / Tues.,17:00-18:00,,,,,,,,,,,,,10.00,10.00,10.00,10.00,,,,,37.789727,-122.449012
